19,53,44,2.007
82,224,165,12.04
95,246,155,22.072
97,247,175,32.104
101,227,153,42.138
85,202,137,52.17
90,194,134,62.202
88,165,114,72.234
90,117,96,82.257
80,96,98,92.287
91,90,71,102.321
68,64,76,112.354
52,32,61,122.388
44,18,56,132.421
43,7,51,142.454
54,4,42,152.486
56,2,46,162.519
40,2,36,172.553
46,3,47,182.587
47,15,51,192.62
54,14,62,202.654
35,37,74,212.687
49,48,74,222.721
54,64,77,232.755
61,74,83,242.79
56,79,99,252.825
55,86,107,262.858
63,95,118,272.89
57,101,122,282.923
56,114,90,292.957
86,154,133,302.991
59,134,113,313.026
85,131,109,323.06
74,154,123,333.092
69,130,121,343.127
59,163,131,353.16
77,174,137,363.193
58,166,139,373.226
72,155,163,383.258
84,204,149,393.291
96,201,132,403.324
90,184,160,413.358
78,205,154,423.392
76,192,129,433.426
89,209,149,443.46
90,183,168,453.494
86,214,159,463.528
106,201,142,473.562
90,190,146,483.596
92,260,179,493.63
84,200,168,503.664
90,206,151,513.699
98,240,176,523.731
87,232,159,533.766
94,226,181,543.801
82,246,176,553.835
96,249,181,563.87
107,232,176,573.905
105,235,176,583.937
92,240,160,593.972
104,238,153,604.005
100,233,172,614.039
113,255,174,624.072
84,236,154,634.106
110,244,170,644.138
81,260,171,654.172
80,250,167,664.206
118,254,155,674.24
105,256,182,684.273
103,210,151,694.307
88,241,166,704.339
110,238,171,714.372
94,263,177,724.405
89,248,177,734.438
99,266,167,744.471
114,246,145,754.505
106,258,169,764.54
96,278,148,774.573
110,262,148,784.607
102,253,153,794.64
110,224,161,804.673
100,233,165,814.707
94,202,167,824.741
96,248,155,834.775
110,277,179,844.809
96,255,148,854.842
91,232,171,864.874
86,245,160,874.908
111,230,148,884.942
104,271,168,894.974
100,231,143,905.008
102,226,173,915.044
105,218,140,925.078
109,261,152,935.111
99,248,160,945.144
93,209,136,955.177
97,227,157,965.211
109,234,169,975.245
102,246,155,985.277
92,245,152,995.311
105,245,184,1005.34
103,229,164,1015.38
98,265,146,1025.41
101,239,150,1035.45
124,260,158,1045.48
87,268,144,1055.51
106,266,170,1065.55
104,239,147,1075.58
95,258,161,1085.61
112,267,155,1095.65
95,265,136,1105.69
81,240,160,1115.72
116,210,165,1125.75
91,218,160,1135.79
114,238,152,1145.82
95,250,135,1155.85
89,246,161,1165.89
104,209,167,1175.92
115,249,135,1185.95
91,235,165,1195.99
87,257,156,1206.02
112,263,145,1216.06
111,251,158,1226.09
93,216,152,1236.12
114,263,153,1246.16
100,240,160,1256.19
93,227,154,1266.22
102,229,156,1276.25
111,241,147,1286.29
112,270,166,1296.32
107,236,172,1306.36
116,262,139,1316.39
107,237,157,1326.42
122,228,144,1336.46
97,224,130,1346.49
120,243,145,1356.52
105,259,143,1366.56
119,254,145,1376.59
85,245,154,1386.62
113,218,140,1396.65
113,236,196,1406.69
110,218,160,1416.72
119,217,159,1426.76
100,255,151,1436.79
120,243,155,1446.82
94,249,148,1456.86
97,265,142,1466.89
107,232,153,1476.93
101,221,150,1486.96
100,246,163,1496.99
108,247,170,1507.03
124,254,151,1517.06
117,232,135,1527.1
100,254,166,1537.13
111,226,147,1547.17
116,232,133,1557.2
112,248,166,1567.24
119,235,149,1577.27
112,267,166,1587.3
102,243,163,1597.34
108,228,130,1607.37
115,220,128,1617.41
97,260,178,1627.44
112,235,147,1637.48
103,255,139,1647.51
109,219,150,1657.54
104,257,166,1667.58
104,218,165,1677.61
125,219,150,1687.64
111,248,178,1697.68
109,236,153,1707.71
121,225,150,1717.75
96,223,137,1727.78
105,242,164,1737.82
108,239,160,1747.85
89,249,158,1757.89
86,252,161,1767.92
93,267,158,1777.96
88,241,157,1787.99
121,247,129,1798.02
97,215,127,1808.06
127,223,158,1818.09
109,226,144,1828.12
104,227,157,1838.16
103,212,139,1848.19
93,265,139,1858.23
94,221,136,1868.26
102,234,144,1878.3
98,259,148,1888.33
97,236,163,1898.37
106,207,165,1908.4
100,240,158,1918.43
96,244,144,1928.47
102,233,150,1938.5
99,249,164,1948.54
106,228,141,1958.57
91,231,154,1968.6
116,231,167,1978.64
100,229,138,1988.67
112,243,151,1998.7
96,230,127,2008.74
107,256,152,2018.77
116,218,133,2028.81
96,207,118,2038.84
106,232,145,2048.88
103,227,166,2058.91
104,239,153,2068.94
110,204,152,2078.98
110,209,179,2089.01
93,229,151,2099.04
104,218,143,2109.08
110,187,126,2119.11
117,207,141,2129.15
120,238,139,2139.18
123,231,138,2149.21
111,231,171,2159.25
103,217,137,2169.28
112,264,175,2179.32
108,203,165,2189.35
102,219,163,2199.39
124,229,147,2209.42
115,226,151,2219.45
108,209,154,2229.49
93,248,143,2239.52
126,234,137,2249.56
121,224,155,2259.59
102,222,133,2269.62
123,233,152,2279.66
132,209,131,2289.69
102,205,146,2299.73
88,232,141,2309.76
118,266,156,2319.8
88,222,141,2329.83
115,228,155,2339.86
105,210,163,2349.9
112,261,163,2359.93
102,216,169,2369.97
106,221,146,2380
98,234,173,2390.03
106,222,119,2400.07
108,212,138,2410.1
122,226,143,2420.13
119,211,145,2430.17
99,200,142,2440.2
107,243,154,2450.24
119,228,157,2460.27
107,214,152,2470.31
112,214,143,2480.34
112,239,131,2490.38
104,222,129,2500.41
90,195,138,2510.45
98,208,134,2520.48
104,222,136,2530.52
99,224,140,2540.55
114,226,171,2550.58
123,250,159,2560.62
119,215,137,2570.65
103,231,137,2580.69
121,201,149,2590.72
96,215,141,2600.75
103,188,147,2610.79
115,204,174,2620.82
91,214,133,2630.86
100,202,146,2640.89
112,218,140,2650.93
104,208,132,2660.96
110,234,136,2671
91,207,150,2681.03
86,205,138,2691.07
95,199,134,2701.1
93,227,133,2711.14
117,222,152,2721.17
96,229,126,2731.2
121,225,149,2741.24
113,231,156,2751.27
113,184,140,2761.31
113,213,136,2771.35
101,214,132,2781.39
95,213,173,2791.42
113,215,135,2801.46
97,253,171,2811.49
92,246,156,2821.52
110,215,153,2831.56
106,207,150,2841.59
100,223,137,2851.63
106,231,125,2861.66
113,227,150,2871.7
107,225,144,2881.75
114,212,171,2891.77
128,197,138,2901.8
94,176,118,2911.84
99,218,152,2921.87
97,184,140,2931.91
107,197,124,2941.94
125,206,161,2951.98
99,236,135,2962.01
102,195,171,2972.05
107,211,140,2982.08
100,262,156,2992.11
111,199,150,3002.15
108,248,156,3012.18
109,215,153,3022.22
99,207,126,3032.25
112,229,167,3042.28
109,231,145,3052.32
93,218,123,3062.35
106,208,140,3072.39
102,213,146,3082.42
114,212,155,3092.45
139,230,158,3102.49
125,220,134,3112.52
116,202,149,3122.56
110,213,117,3132.59
100,245,135,3142.63
88,219,142,3152.66
97,228,158,3162.7
100,209,162,3172.73
107,227,133,3182.76
102,204,152,3192.81
96,196,134,3202.84
113,239,123,3212.87
94,209,122,3222.92
108,202,141,3232.95
90,237,144,3242.99
102,209,143,3253.02
97,213,133,3263.06
123,182,150,3273.09
103,190,99,3283.13
106,207,123,3293.16
110,231,134,3303.2
114,217,134,3313.23
107,233,151,3323.27
104,209,144,3333.3
129,226,129,3343.33
108,225,154,3353.37
111,199,122,3363.4
102,209,125,3373.44
110,218,111,3383.47
114,229,158,3393.51
100,216,146,3403.54
94,215,142,3413.58
96,221,148,3423.61
76,188,152,3433.65
111,196,152,3443.68
86,217,124,3453.72
104,223,145,3463.75
94,204,149,3473.79
113,191,125,3483.82
115,193,137,3493.85
99,204,139,3503.89
115,182,136,3513.92
104,242,138,3523.96
91,200,147,3533.99
87,197,131,3544.03
113,207,138,3554.06
102,196,154,3564.1
99,165,130,3574.13
116,165,152,3584.16
93,189,139,3594.2
110,188,126,3604.24
123,212,130,3614.27
118,206,152,3624.3
101,199,158,3634.34
83,206,129,3644.37
106,180,115,3654.41
79,195,131,3664.44
113,225,155,3674.48
106,200,150,3684.51
111,198,142,3694.55
116,173,144,3704.58
103,207,153,3714.61
105,156,116,3724.65
89,184,126,3734.68
101,179,118,3744.72
80,167,120,3754.75
90,167,137,3764.79
102,181,143,3774.82
94,182,126,3784.86
111,192,140,3794.89
89,179,129,3804.93
92,186,129,3814.96
93,199,135,3825
101,220,134,3835.03
95,180,132,3845.06
99,180,109,3855.1
106,181,130,3865.13
94,186,167,3875.17
114,188,137,3885.2
111,206,156,3895.23
88,217,152,3905.27
97,219,142,3915.3
115,202,156,3925.34
109,199,142,3935.37
106,221,127,3945.41
96,250,155,3955.44
88,243,165,3965.48
132,262,176,3975.51
116,251,167,3985.55
107,209,145,3995.58
94,253,157,4005.62
116,235,176,4015.65
103,251,147,4025.68
105,219,153,4035.72
120,249,145,4045.75
108,252,162,4055.79
121,247,169,4065.82
104,225,168,4075.86
115,252,158,4085.89
118,270,158,4095.93
118,257,163,4105.96
118,287,176,4115.99
129,256,178,4126.03
108,287,172,4136.06
109,258,157,4146.1
117,247,175,4156.13
102,274,158,4166.17
113,266,134,4176.2
117,263,154,4186.24
121,273,181,4196.27
116,236,175,4206.31
109,270,162,4216.34
117,258,160,4226.38
115,248,206,4236.41
113,270,189,4246.45
100,278,176,4256.48
117,267,165,4266.52
109,251,177,4276.55
109,299,168,4286.59
123,257,160,4296.62
119,242,179,4306.66
117,265,164,4316.69
118,240,160,4326.73
124,240,148,4336.76
96,267,177,4346.8
117,266,173,4356.83
85,284,164,4366.87
115,229,170,4376.9
108,262,155,4386.94
93,249,174,4396.97
101,273,185,4407.01
122,287,169,4417.04
110,252,186,4427.07
98,243,173,4437.11
117,266,147,4447.14
104,238,172,4457.18
103,267,146,4467.21
91,239,151,4477.25
110,277,159,4487.28
123,244,164,4497.32
122,274,188,4507.35
116,246,191,4517.38
104,268,170,4527.42
105,279,147,4537.45
118,245,174,4547.49
101,258,171,4557.52
111,270,196,4567.55
100,223,163,4577.59
124,218,155,4587.63
107,251,183,4597.66
109,263,135,4607.7
107,277,168,4617.73
111,245,181,4627.77
109,243,175,4637.8
127,251,164,4647.83
113,283,158,4657.87
102,275,171,4667.9
107,264,170,4677.94
118,284,180,4687.97
134,291,164,4698
108,228,176,4708.04
100,235,181,4718.07
109,262,149,4728.11
94,253,195,4738.14
110,247,156,4748.17
109,245,168,4758.21
108,267,173,4768.24
99,242,173,4778.28
104,241,178,4788.31
99,275,172,4798.36
117,264,178,4808.39
106,245,163,4818.43
113,258,174,4828.46
120,296,178,4838.5
105,252,169,4848.53
101,260,173,4858.57
108,258,178,4868.6
110,240,150,4878.63
112,258,157,4888.67
101,247,163,4898.7
105,247,159,4908.74
97,239,156,4918.77
103,242,164,4928.81
104,224,154,4938.84
95,278,164,4948.88
93,270,165,4958.91
124,223,194,4968.94
122,245,166,4978.98
128,268,167,4989.01
104,229,167,4999.04
108,228,195,5009.08
124,276,164,5019.11
101,278,154,5029.15
111,248,181,5039.18
105,250,165,5049.22
107,206,149,5059.25
121,231,153,5069.28
118,253,133,5079.32
103,228,160,5089.35
104,252,150,5099.39
131,245,160,5109.42
103,252,169,5119.46
114,261,155,5129.49
83,234,147,5139.52
85,224,138,5149.56
132,254,168,5159.59
114,252,168,5169.63
111,243,178,5179.66
110,241,132,5189.7
97,225,160,5199.73
96,233,157,5209.77
92,229,161,5219.8
87,240,154,5229.84
100,221,185,5239.87
110,231,160,5249.91
87,226,182,5259.94
121,229,145,5269.98
105,256,144,5280.01
94,242,178,5290.05
90,202,144,5300.08
91,241,140,5310.11
126,233,167,5320.15
108,272,157,5330.18
127,242,141,5340.21
91,244,154,5350.25
111,229,145,5360.28
115,244,169,5370.32
109,207,166,5380.35
115,249,147,5390.38
122,251,159,5400.42
114,257,142,5410.45
108,228,179,5420.49
85,239,144,5430.52
120,258,147,5440.56
119,244,140,5450.59
112,224,154,5460.62
113,240,166,5470.66
104,236,132,5480.69
89,207,152,5490.74
110,235,159,5500.78
103,238,154,5510.81
119,207,141,5520.85
104,246,163,5530.88
91,246,134,5540.92
82,250,137,5550.95
122,210,137,5560.98
104,204,129,5571.02
120,227,144,5581.05
107,227,132,5591.08
107,232,160,5601.12
79,244,124,5611.15
97,223,145,5621.19
115,192,143,5631.22
107,228,138,5641.25
113,247,140,5651.29
97,208,160,5661.32
107,176,121,5671.36
107,226,163,5681.39
97,209,197,5691.43
96,243,143,5701.46
114,227,136,5711.49
118,194,116,5721.53
104,223,143,5731.56
109,227,123,5741.59
104,216,132,5751.63
112,226,133,5761.66
109,222,133,5771.7
129,239,135,5781.73
95,200,133,5791.77
112,201,126,5801.8
103,214,142,5811.84
112,199,150,5821.87
115,236,155,5831.9
100,205,136,5841.94
71,200,136,5851.97
106,204,138,5862.01
109,211,128,5872.04
98,223,120,5882.08
87,198,136,5892.11
91,205,132,5902.14
96,201,129,5912.19
95,209,140,5922.22
98,237,122,5932.25
118,228,129,5942.29
107,209,149,5952.32
108,187,142,5962.35
113,177,135,5972.39
92,209,130,5982.42
102,214,129,5992.46
100,248,142,6002.49
96,223,134,6012.52
111,222,132,6022.56
91,208,119,6032.59
93,201,130,6042.62
87,165,118,6052.66
101,173,117,6062.69
104,190,104,6072.73
104,170,126,6082.76
104,186,114,6092.8
90,180,128,6102.83
108,191,145,6112.86
91,190,112,6122.9
106,202,136,6132.93
95,215,147,6142.96
96,187,128,6153
79,198,138,6163.03
95,205,136,6173.07
91,225,128,6183.1
73,186,127,6193.13
91,204,137,6203.17
105,215,146,6213.2
106,185,125,6223.24
94,189,115,6233.27
90,195,108,6243.31
95,176,124,6253.34
94,163,138,6263.37
89,191,123,6273.41
98,175,126,6283.44
107,185,137,6293.47
96,157,107,6303.51
89,216,114,6313.54
104,207,88,6323.57
98,172,123,6333.61
84,156,118,6343.64
93,199,139,6353.67
76,195,112,6363.71
110,163,140,6373.74
97,172,105,6383.78
81,167,130,6393.81
90,174,119,6403.85
90,183,91,6413.88
91,161,105,6423.92
104,197,123,6433.95
89,199,99,6443.98
90,155,117,6454.02
87,168,110,6464.05
83,171,103,6474.08
87,153,109,6484.12
91,141,112,6494.15
92,186,103,6504.19
89,168,104,6514.22
94,173,126,6524.25
94,179,111,6534.29
84,171,110,6544.32
103,167,125,6554.36
85,148,121,6564.39
102,174,120,6574.43
103,160,114,6584.46
94,166,100,6594.49
95,158,114,6604.53
84,150,126,6614.56
70,162,103,6624.59
83,153,106,6634.62
84,168,114,6644.66
91,166,101,6654.69
98,135,104,6664.73
92,157,112,6674.76
86,169,114,6684.8
100,181,96,6694.83
84,150,114,6704.86
81,186,120,6714.9
74,167,94,6724.93
88,139,120,6734.96
85,156,100,6745
90,175,132,6755.03
73,158,111,6765.06
81,166,123,6775.1
95,160,102,6785.13
90,150,116,6795.16
83,141,126,6805.2
109,172,91,6815.23
86,159,106,6825.26
77,135,120,6835.3
84,157,97,6845.33
98,133,99,6855.37
89,130,95,6865.4
60,157,109,6875.43
93,139,89,6885.48
87,142,108,6895.52
70,142,107,6905.55
84,165,115,6915.59
93,135,97,6925.62
76,126,89,6935.65
83,150,103,6945.69
87,143,113,6955.72
83,155,97,6965.75
91,149,104,6975.79
86,159,121,6985.82
85,147,97,6995.86
72,134,114,7005.89
100,141,96,7015.92
99,121,118,7025.96
85,124,104,7035.99
88,136,106,7046.02
95,144,99,7056.06
91,132,85,7066.09
87,168,87,7076.12
80,99,119,7086.16
86,115,95,7096.19
102,149,102,7106.23
86,117,100,7116.26
85,131,88,7126.29
85,120,100,7136.33
59,136,88,7146.36
91,129,94,7156.39
82,145,91,7166.43
85,138,98,7176.46
74,121,104,7186.5
72,139,89,7196.53
89,132,98,7206.56
81,134,112,7216.6
88,113,82,7226.63
82,125,93,7236.66
79,117,85,7246.7
62,112,120,7256.73
96,128,102,7266.77
82,136,90,7276.8
79,118,88,7286.84
82,119,103,7296.87
83,123,101,7306.9
103,132,108,7316.94
76,124,96,7326.97
71,136,91,7337.01
93,125,90,7347.04
72,125,94,7357.08
95,122,84,7367.11
77,109,91,7377.14
66,103,73,7387.18
85,115,116,7397.21
78,113,84,7407.25
84,109,77,7417.28
75,124,92,7427.31
82,110,76,7437.35
62,136,78,7447.38
77,109,97,7457.41
78,123,93,7467.45
90,126,98,7477.48
75,94,95,7487.52
73,115,97,7497.55
80,100,84,7507.58
64,109,92,7517.62
69,122,98,7527.65
66,102,90,7537.68
87,121,96,7547.72
67,109,82,7557.75
73,159,92,7567.78
87,130,107,7577.81
88,138,83,7587.85
85,97,99,7597.88
80,160,92,7607.91
89,179,113,7617.95
82,154,133,7627.98
82,132,103,7638.02
98,156,98,7648.05
77,173,90,7658.08
107,142,95,7668.12
97,169,127,7678.15
83,190,110,7688.19
88,145,100,7698.22
96,167,113,7708.26
98,168,114,7718.29
83,184,122,7728.32
100,183,99,7738.36
95,150,104,7748.39
79,151,110,7758.42
72,180,123,7768.46
103,185,124,7778.49
94,182,139,7788.52
60,163,137,7798.56
99,186,127,7808.59
102,161,145,7818.62
88,177,90,7828.66
105,175,108,7838.7
87,189,98,7848.73
84,177,102,7858.76
80,158,99,7868.8
94,185,115,7878.83
84,178,115,7888.87
89,173,125,7898.9
69,175,121,7908.93
93,171,138,7918.97
90,203,117,7929
95,170,114,7939.03
118,163,133,7949.07
107,175,112,7959.1
100,164,129,7969.13
83,205,111,7979.17
100,185,112,7989.2
91,182,144,7999.24
82,167,115,8009.27
99,180,109,8019.3
75,176,144,8029.33
96,199,113,8039.37
102,183,133,8049.4
80,173,118,8059.43
79,189,102,8069.47
79,174,126,8079.5
87,193,132,8089.54
91,179,120,8099.57
97,179,123,8109.6
87,220,121,8119.63
103,158,115,8129.67
98,192,121,8139.7
92,181,114,8149.73
92,174,109,8159.77
73,181,118,8169.8
99,219,144,8179.83
105,197,107,8189.87
92,187,106,8199.9
93,175,109,8209.93
87,173,136,8219.97
84,182,122,8230
91,213,123,8240.03
92,181,114,8250.07
76,171,93,8260.1
84,187,137,8270.13
77,206,102,8280.17
73,174,111,8290.2
92,190,134,8300.23
93,160,109,8310.27
84,194,132,8320.3
77,169,112,8330.33
80,192,108,8340.37
90,210,127,8350.4
87,189,112,8360.43
82,171,102,8370.47
90,180,121,8380.5
93,207,119,8390.53
85,174,117,8400.57
112,178,126,8410.6
89,156,90,8420.63
103,174,113,8430.67
99,196,130,8440.7
84,190,132,8450.73
89,140,121,8460.76
101,162,99,8470.8
84,177,107,8480.83
74,181,111,8490.86
93,177,120,8500.9
94,170,96,8510.93
75,198,118,8520.96
104,169,129,8531
99,172,118,8541.03
89,149,84,8551.06
82,161,99,8561.09
78,155,109,8571.13
90,160,116,8581.16
87,158,101,8591.2
87,172,142,8601.23
85,164,108,8611.26
69,154,108,8621.3
95,152,142,8631.33
93,193,109,8641.36
108,176,127,8651.4
98,170,113,8661.43
79,164,127,8671.46
87,160,104,8681.5
74,180,103,8691.53
84,157,118,8701.56
98,154,84,8711.6
91,146,115,8721.63
78,173,105,8731.66
97,192,137,8741.7
104,187,146,8751.73
97,163,102,8761.76
95,161,111,8771.8
89,172,120,8781.83
98,144,96,8791.87
86,180,125,8801.9
93,169,119,8811.93
83,156,113,8821.97
84,145,98,8832
92,160,105,8842.03
77,148,92,8852.07
95,161,91,8862.1
94,148,95,8872.13
96,117,106,8882.17
89,158,126,8892.2
96,186,118,8902.24
90,154,101,8912.27
91,134,112,8922.3
74,128,107,8932.34
87,155,111,8942.37
93,137,99,8952.4
85,146,113,8962.44
83,136,105,8972.47
80,137,86,8982.5
78,179,102,8992.54
89,161,99,9002.57
107,159,100,9012.61
82,154,105,9022.64
100,169,105,9032.67
92,145,104,9042.71
98,118,120,9052.74
90,184,130,9062.78
80,170,121,9072.81
95,134,122,9082.84
88,144,102,9092.88
89,149,96,9102.91
96,152,110,9112.94
89,132,114,9122.98
85,131,107,9133.01
82,158,102,9143.04
101,205,120,9153.08
96,167,87,9163.11
86,154,95,9173.14
95,173,98,9183.18
79,138,97,9193.21
75,153,118,9203.24
102,156,116,9213.28
91,160,96,9223.31
105,172,118,9233.34
79,143,110,9243.38
80,127,96,9253.41
79,162,101,9263.44
78,168,117,9273.48
79,137,102,9283.51
88,133,103,9293.54
84,148,100,9303.58
85,144,129,9313.61
83,139,91,9323.64
95,169,106,9333.68
104,157,114,9343.71
73,138,112,9353.74
74,127,107,9363.78
83,156,93,9373.81
81,144,131,9383.85
72,171,99,9393.88
69,145,118,9403.91
86,153,91,9413.95
92,139,123,9423.98
78,138,114,9434.01
75,119,101,9444.05
73,153,93,9454.08
93,126,102,9464.11
86,143,95,9474.15
81,173,115,9484.18
91,178,101,9494.21
77,162,128,9504.24
74,144,95,9514.28
81,152,110,9524.31
101,150,98,9534.35
77,147,121,9544.38
62,157,123,9554.41
103,135,101,9564.44
91,169,92,9574.48
82,165,91,9584.51
76,153,108,9594.55
88,137,96,9604.58
74,139,101,9614.61
72,112,98,9624.64
67,129,111,9634.68
77,134,91,9644.71
81,120,106,9654.75
74,156,100,9664.78
56,142,83,9674.81
91,136,71,9684.85
82,129,113,9694.88
81,133,110,9704.91
99,107,106,9714.95
77,135,101,9724.98
80,137,105,9735.01
100,136,110,9745.05
83,124,91,9755.08
90,136,92,9765.11
90,117,82,9775.15
66,123,77,9785.18
77,134,98,9795.21
91,142,101,9805.25
79,134,89,9815.28
87,139,99,9825.31
91,103,95,9835.35
71,142,105,9845.38
75,150,95,9855.42
79,144,105,9865.45
79,132,100,9875.48
90,112,98,9885.52
80,112,76,9895.55
86,108,88,9905.58
75,97,85,9915.61
77,109,94,9925.65
72,119,88,9935.68
72,131,106,9945.71
76,126,105,9955.75
73,106,86,9965.78
80,115,84,9975.81
65,136,102,9985.84
78,133,83,9995.88
89,123,90,10005.9
77,117,78,10015.9
74,132,85,10026
77,110,86,10036
92,129,80,10046
74,116,103,10056.1
71,119,95,10066.1
73,120,85,10076.1
73,120,100,10086.2
68,128,87,10096.2
79,108,87,10106.2
93,123,94,10116.3
76,106,91,10126.3
75,121,90,10136.3
90,151,99,10146.4
98,134,99,10156.4
71,133,79,10166.4
90,109,102,10176.5
86,96,83,10186.5
74,136,113,10196.5
82,105,96,10206.6
71,94,80,10216.6
74,114,86,10226.6
97,108,89,10236.7
75,121,87,10246.7
73,104,91,10256.7
70,115,98,10266.8
74,100,93,10276.8
95,95,91,10286.8
72,86,81,10296.9
90,136,99,10306.9
73,135,106,10316.9
91,128,85,10327
91,133,94,10337
86,114,94,10347
76,119,96,10357.1
73,123,89,10367.1
68,117,74,10377.1
85,95,81,10387.2
76,130,80,10397.2
78,111,76,10407.2
58,112,90,10417.3
84,100,80,10427.3
75,118,97,10437.3
80,106,109,10447.4
59,93,75,10457.4
67,142,89,10467.4
72,119,96,10477.5
80,130,109,10487.5
81,104,101,10497.5
60,110,86,10507.6
69,124,117,10517.6
66,123,73,10527.6
71,112,74,10537.7
75,103,114,10547.7
76,120,87,10557.7
80,111,78,10567.8
65,100,87,10577.8
60,116,113,10587.8
78,113,92,10597.9
53,105,81,10607.9
88,119,109,10617.9
83,97,75,10628
56,98,87,10638
84,102,91,10648
71,98,99,10658.1
73,115,77,10668.1
70,106,94,10678.1
81,118,84,10688.2
88,123,69,10698.2
61,114,84,10708.2
84,115,90,10718.2
73,120,93,10728.3
66,86,79,10738.3
66,106,69,10748.3
66,111,74,10758.4
73,118,72,10768.4
72,97,73,10778.4
71,84,86,10788.5
86,111,89,10798.5
69,97,79,10808.5
81,88,71,10818.6
81,102,73,10828.6
68,114,95,10838.6
67,119,85,10848.7
76,94,86,10858.7
75,82,66,10868.7
76,112,83,10878.8
59,112,92,10888.8
86,109,103,10898.8
79,131,101,10908.9
65,93,88,10918.9
71,74,93,10928.9
57,98,83,10939
74,91,73,10949
62,110,88,10959
66,79,86,10969.1
66,83,92,10979.1
91,100,106,10989.1
79,105,67,10999.2
70,118,91,11009.2
91,117,83,11019.2
70,92,74,11029.3
78,111,93,11039.3
88,99,78,11049.3
81,78,74,11059.4
66,94,79,11069.4
66,92,83,11079.4
85,110,74,11089.5
80,105,96,11099.5
62,90,107,11109.5
74,100,73,11119.6
79,106,95,11129.6
83,109,82,11139.7
70,83,68,11149.7
81,98,101,11159.7
82,100,86,11169.7
74,120,96,11179.8
89,112,101,11189.8
77,117,75,11199.8
82,126,100,11209.9
81,105,85,11219.9
84,128,85,11229.9
88,125,97,11240
74,119,101,11250
67,142,96,11260
79,130,100,11270.1
74,125,93,11280.1
87,119,100,11290.1
91,142,112,11300.2
84,152,97,11310.2
75,127,118,11320.2
77,162,107,11330.3
88,170,141,11340.3
92,126,104,11350.3
98,159,120,11360.4
85,175,121,11370.4
99,180,116,11380.5
76,174,102,11390.5
89,148,123,11400.5
104,171,131,11410.6
85,147,106,11420.6
91,159,132,11430.6
109,167,116,11440.7
97,178,121,11450.7
76,175,113,11460.7
94,173,125,11470.8
100,148,111,11480.8
97,150,111,11490.8
97,174,116,11500.9
93,147,126,11510.9
109,191,111,11520.9
81,181,104,11531
87,162,132,11541
94,208,118,11551
90,179,137,11561.1
87,178,98,11571.1
76,194,131,11581.1
77,179,105,11591.2
75,192,119,11601.2
79,182,112,11611.2
74,183,124,11621.3
88,198,120,11631.3
109,171,112,11641.3
91,185,124,11651.4
100,167,115,11661.4
91,189,133,11671.4
85,190,153,11681.5
83,172,130,11691.5
99,187,128,11701.5
95,185,110,11711.6
93,181,115,11721.6
96,153,111,11731.6
71,179,123,11741.7
95,195,136,11751.7
83,174,130,11761.7
119,205,130,11771.8
102,196,142,11781.8
105,174,131,11791.8
97,187,116,11801.9
90,187,115,11811.9
106,191,116,11821.9
91,175,133,11832
98,168,130,11842
101,170,124,11852
93,210,133,11862.1
113,164,130,11872.1
91,198,127,11882.1
101,184,118,11892.2
85,203,115,11902.2
101,169,114,11912.2
86,174,100,11922.3
91,174,128,11932.3
116,172,103,11942.3
96,159,102,11952.4
82,204,124,11962.4
100,172,120,11972.4
82,177,113,11982.5
96,194,120,11992.5
94,173,114,12002.5
111,170,114,12012.6
99,158,122,12022.6
84,168,99,12032.6
103,229,121,12042.7
100,186,121,12052.7
103,181,138,12062.7
78,207,134,12072.8
92,165,136,12082.8
92,181,111,12092.8
103,165,115,12102.9
100,156,120,12112.9
100,177,119,12122.9
90,190,127,12133
108,193,124,12143
76,182,129,12153
95,187,132,12163.1
94,184,110,12173.1
114,160,123,12183.1
99,183,125,12193.2
107,167,110,12203.2
85,174,143,12213.2
87,166,124,12223.3
122,177,121,12233.3
76,198,119,12243.3
108,205,126,12253.4
91,211,125,12263.4
85,184,114,12273.4
86,179,115,12283.5
95,172,151,12293.5
107,172,122,12303.5
87,170,114,12313.6
96,157,104,12323.6
84,153,112,12333.6
92,147,102,12343.7
80,134,109,12353.7
81,132,102,12363.7
91,159,113,12373.8
96,149,124,12383.8
100,164,132,12393.8
89,150,101,12403.9
99,168,126,12413.9
92,159,110,12424
94,203,113,12434
79,171,106,12444
90,180,128,12454.1
87,172,115,12464.1
105,183,144,12474.1
91,184,119,12484.2
88,163,130,12494.2
69,182,145,12504.2
79,189,134,12514.3
94,156,119,12524.3
76,154,112,12534.3
94,162,112,12544.4
94,176,133,12554.4
105,183,126,12564.4
86,165,141,12574.5
79,167,116,12584.5
88,171,113,12594.5
93,174,133,12604.6
90,173,129,12614.6
96,170,116,12624.6
88,145,110,12634.7
83,179,114,12644.7
98,156,93,12654.7
100,147,112,12664.8
85,145,110,12674.8
74,195,97,12684.8
79,164,104,12694.9
83,168,133,12704.9
89,169,145,12714.9
115,197,119,12725
104,156,125,12735
79,166,110,12745
98,166,121,12755.1
103,156,121,12765.1
79,159,130,12775.1
92,152,147,12785.2
92,156,115,12795.2
91,157,132,12805.2
86,161,109,12815.3
97,143,112,12825.3
85,175,117,12835.3
85,170,107,12845.4
84,167,93,12855.4
87,166,117,12865.4
89,160,106,12875.5
93,141,95,12885.5
91,143,115,12895.6
75,162,125,12905.6
76,156,116,12915.6
92,170,98,12925.7
86,141,109,12935.7
85,151,105,12945.7
94,142,103,12955.8
90,162,92,12965.8
93,148,134,12975.8
78,186,124,12985.9
106,171,131,12995.9
93,153,113,13005.9
86,127,98,13016
95,153,117,13026
90,159,98,13036
81,184,121,13046.1
84,163,90,13056.1
84,139,122,13066.1
82,167,105,13076.2
87,144,118,13086.2
83,137,101,13096.2
89,151,89,13106.3
100,136,101,13116.3
91,175,101,13126.3
86,144,115,13136.4
85,156,93,13146.4
95,163,113,13156.4
84,153,99,13166.5
92,141,116,13176.5
81,144,121,13186.5
93,145,80,13196.6
93,129,105,13206.6
90,157,104,13216.6
98,135,100,13226.7
80,136,95,13236.7
75,138,86,13246.7
79,163,111,13256.8
85,133,90,13266.8
90,123,106,13276.8
75,132,93,13286.9
82,156,113,13296.9
93,143,111,13306.9
73,148,116,13317
88,148,134,13327
89,165,109,13337
106,157,104,13347.1
61,141,105,13357.1
83,141,115,13367.1
79,136,99,13377.2
100,151,93,13387.2
71,150,83,13397.2
75,126,93,13407.3
102,140,100,13417.3
90,144,108,13427.3
78,127,99,13437.4
86,137,124,13447.4
110,163,101,13457.4
84,119,119,13467.5
88,138,112,13477.5
88,133,117,13487.5
86,149,103,13497.6
81,139,89,13507.6
90,134,118,13517.6
81,144,84,13527.7
85,145,116,13537.7
66,169,82,13547.7
88,135,108,13557.8
95,117,91,13567.8
85,133,99,13577.8
85,121,87,13587.9
84,124,106,13597.9
82,132,108,13607.9
80,121,93,13618
94,142,104,13628
84,133,111,13638
86,132,73,13648.1
99,138,99,13658.1
78,108,99,13668.1
87,130,95,13678.2
64,121,99,13688.2
80,109,79,13698.3
89,129,91,13708.3
72,147,82,13718.3
83,140,109,13728.4
90,123,97,13738.4
94,132,90,13748.4
65,155,86,13758.5
77,133,83,13768.5
93,133,114,13778.5
67,132,85,13788.6
70,147,102,13798.6
73,126,98,13808.6
79,120,98,13818.7
85,110,93,13828.7
77,126,113,13838.7
83,125,113,13848.8
75,110,106,13858.8
86,137,95,13868.8
79,129,86,13878.9
75,121,98,13888.9
100,120,93,13898.9
72,140,99,13909
85,134,118,13919
96,151,101,13929
75,142,110,13939.1
74,132,108,13949.1
67,141,89,13959.1
101,150,88,13969.2
91,116,97,13979.2
68,131,97,13989.2
83,159,94,13999.3
94,140,104,14009.3
85,136,100,14019.3
71,131,103,14029.4
78,117,79,14039.4
73,111,93,14049.4
92,96,104,14059.5
93,123,92,14069.5
86,109,93,14079.5
88,137,89,14089.6
69,127,115,14099.6
88,127,108,14109.6
91,143,92,14119.7
90,142,102,14129.7
82,130,115,14139.7
89,138,108,14149.8
90,118,108,14159.8
94,136,104,14169.8
93,142,106,14179.9
80,137,95,14189.9
74,117,104,14199.9
94,118,87,14210
73,104,100,14220
88,105,103,14230
86,151,103,14240.1
79,116,101,14250.1
92,107,105,14260.1
90,124,93,14270.2
77,115,103,14280.2
69,119,108,14290.2
83,143,106,14300.3
70,125,95,14310.3
83,145,108,14320.3
65,128,107,14330.4
70,120,98,14340.4
80,137,88,14350.4
82,124,112,14360.5
74,131,96,14370.5
77,108,75,14380.5
64,110,82,14390.6
72,133,86,14400.6
80,126,99,14410.6
91,147,76,14420.7
79,102,87,14430.7
92,131,100,14440.8
65,99,94,14450.8
83,120,91,14460.8
73,124,106,14470.9
84,110,95,14480.9
95,105,70,14490.9
59,138,98,14501
90,132,88,14511
75,119,86,14521
70,126,102,14531.1
87,135,99,14541.1
98,125,88,14551.1
94,134,103,14561.2
77,132,114,14571.2
79,106,75,14581.2
68,127,93,14591.3
90,139,100,14601.3
92,135,90,14611.3
85,134,95,14621.4
81,97,94,14631.4
73,116,92,14641.4
67,91,84,14651.5
80,89,65,14661.5
101,131,86,14671.5
96,121,98,14681.6
89,128,91,14691.6
77,108,87,14701.6
70,104,95,14711.7
73,96,87,14721.7
73,116,77,14731.7
71,94,80,14741.8
100,113,86,14751.8
78,101,79,14761.8
80,95,84,14771.9
77,124,82,14781.9
73,102,99,14791.9
76,136,96,14802
66,112,84,14812
90,103,94,14822
72,92,103,14832.1
87,118,85,14842.1
87,112,98,14852.1
77,117,95,14862.2
83,146,101,14872.2
100,132,100,14882.2
81,165,103,14892.3
76,161,102,14902.3
96,142,95,14912.3
87,137,97,14922.4
63,162,90,14932.4
89,181,120,14942.4
77,144,106,14952.5
86,181,137,14962.5
91,168,115,14972.5
87,139,127,14982.6
110,172,140,14992.6
97,190,109,15002.6
104,162,127,15012.7
96,183,114,15022.7
99,180,122,15032.7
77,168,124,15042.8
94,158,128,15052.8
87,186,121,15062.8
94,206,113,15072.9
111,180,104,15082.9
101,212,114,15092.9
96,171,128,15103
115,191,107,15113
96,190,129,15123
106,202,139,15133.1
100,216,134,15143.1
99,191,133,15153.2
95,200,135,15163.2
113,200,129,15173.2
89,196,126,15183.3
91,184,124,15193.3
88,202,141,15203.3
103,195,137,15213.4
105,224,130,15223.4
105,205,130,15233.4
82,234,127,15243.5
94,218,120,15253.5
93,211,142,15263.5
100,206,161,15273.6
91,203,112,15283.6
106,210,118,15293.6
88,215,151,15303.7
95,199,114,15313.7
92,260,140,15323.7
90,232,135,15333.8
98,229,155,15343.8
107,259,137,15353.8
86,237,137,15363.9
113,211,170,15373.9
96,208,149,15383.9
109,188,147,15394
90,229,137,15404
94,197,148,15414
98,234,143,15424.1
104,179,126,15434.1
99,199,122,15444.1
94,210,146,15454.2
102,206,134,15464.2
94,200,136,15474.2
123,208,146,15484.3
91,227,153,15494.3
110,230,138,15504.3
94,194,137,15514.4
96,186,145,15524.4
105,187,130,15534.4
95,202,126,15544.5
81,199,133,15554.5
97,205,149,15564.5
101,236,114,15574.6
105,186,142,15584.6
87,198,132,15594.6
99,200,116,15604.7
89,221,155,15614.7
111,196,134,15624.7
120,191,146,15634.8
89,222,134,15644.8
101,231,142,15654.8
99,193,132,15664.9
98,222,151,15674.9
110,191,136,15684.9
89,227,156,15695
110,204,150,15705
92,229,137,15715
103,193,154,15725.1
89,213,142,15735.1
103,199,148,15745.1
117,185,153,15755.2
92,209,130,15765.2
94,193,121,15775.2
85,203,143,15785.3
121,222,156,15795.3
104,202,132,15805.3
88,207,161,15815.4
108,229,160,15825.4
102,253,148,15835.4
111,219,137,15845.5
110,214,105,15855.5
107,224,146,15865.5
80,207,113,15875.6
110,201,135,15885.6
92,189,125,15895.6
106,225,136,15905.7
103,240,165,15915.7
98,218,133,15925.7
98,212,146,15935.8
119,224,121,15945.8
101,224,153,15955.8
117,221,129,15965.9
101,228,173,15975.9
98,209,122,15986
94,224,155,15996
102,221,146,16006
90,218,141,16016.1
96,207,132,16026.1
79,204,117,16036.1
103,210,139,16046.2
115,181,142,16056.2
106,226,142,16066.2
108,240,137,16076.3
98,206,124,16086.3
101,215,138,16096.3
112,187,128,16106.4
96,208,142,16116.4
96,208,122,16126.4
95,238,139,16136.5
91,205,138,16146.5
119,195,118,16156.5
104,223,131,16166.6
85,222,145,16176.6
112,214,125,16186.6
96,213,127,16196.7
85,233,111,16206.7
106,216,150,16216.7
108,231,125,16226.8
107,211,135,16236.8
109,237,154,16246.8
104,202,163,16256.9
103,220,133,16266.9
94,241,145,16276.9
85,210,127,16287
109,210,142,16297
92,189,128,16307
112,215,145,16317.1
98,216,127,16327.1
98,210,117,16337.1
110,221,114,16347.2
111,206,156,16357.2
99,210,151,16367.2
103,218,148,16377.3
116,211,146,16387.3
113,207,121,16397.3
104,232,134,16407.4
104,221,134,16417.4
93,226,141,16427.4
98,207,152,16437.5
91,255,132,16447.5
91,226,165,16457.5
92,217,139,16467.6
112,195,145,16477.6
100,217,125,16487.6
103,192,141,16497.7
90,221,142,16507.7
104,196,137,16517.8
106,234,131,16527.8
110,201,139,16537.8
84,194,137,16547.9
92,199,141,16557.9
110,198,125,16567.9
92,187,146,16578
105,224,152,16588
80,188,153,16598
82,205,147,16608.1
95,236,154,16618.1
88,219,146,16628.1
98,209,167,16638.2
93,208,148,16648.2
105,212,124,16658.2
100,228,142,16668.3
99,207,157,16678.3
88,209,149,16688.3
95,185,128,16698.4
95,200,125,16708.4
79,212,143,16718.4
95,198,134,16728.5
95,188,116,16738.5
103,219,144,16748.5
96,235,155,16758.6
113,206,117,16768.6
97,221,152,16778.6
109,199,123,16788.7
94,191,114,16798.7
103,204,129,16808.7
93,247,138,16818.8
94,189,140,16828.8
106,249,154,16838.8
102,246,134,16848.9
94,216,119,16858.9
113,185,150,16868.9
84,188,117,16879
93,187,148,16889
108,223,139,16899
92,206,135,16909.1
90,189,152,16919.1
94,199,157,16929.1
113,200,153,16939.2
105,200,152,16949.2
98,223,148,16959.2
107,205,155,16969.3
102,205,126,16979.3
95,194,138,16989.3
105,224,153,16999.4
95,179,132,17009.4
94,212,151,17019.5
97,189,152,17029.5
103,209,112,17039.5
81,251,144,17049.6
82,195,159,17059.6
95,179,149,17069.6
106,204,152,17079.7
118,209,142,17089.7
101,205,142,17099.7
85,230,149,17109.8
86,226,152,17119.8
94,173,146,17129.8
91,220,133,17139.8
94,215,130,17149.9
74,209,129,17159.9
105,214,157,17169.9
108,230,150,17180
118,205,122,17190
95,222,127,17200.1
94,223,115,17210.1
93,186,133,17220.1
107,171,113,17230.2
103,201,126,17240.2
101,201,135,17250.2
110,211,133,17260.3
93,189,136,17270.3
101,202,152,17280.3
111,181,151,17290.4
111,242,144,17300.4
102,191,155,17310.4
107,221,151,17320.5
88,216,123,17330.5
115,211,138,17340.5
100,166,132,17350.6
117,223,141,17360.6
97,206,117,17370.6
86,214,141,17380.7
91,194,131,17390.7
109,187,127,17400.7
98,201,137,17410.8
130,241,174,17420.8
97,209,127,17430.8
82,197,143,17440.9
95,213,131,17450.9
96,200,136,17460.9
110,188,136,17471
112,186,118,17481
87,188,129,17491
100,202,157,17501.1
97,215,109,17511.1
75,183,131,17521.1
100,217,125,17531.2
122,202,126,17541.2
98,198,133,17551.3
106,187,137,17561.3
120,214,125,17571.3
98,196,151,17581.3
95,171,110,17591.4
101,185,144,17601.4
86,188,144,17611.5
100,197,125,17621.5
89,213,123,17631.5
88,216,144,17641.6
103,203,134,17651.6
105,205,138,17661.6
101,179,131,17671.7
107,216,147,17681.7
110,180,140,17691.7
90,192,153,17701.8
106,233,126,17711.8
78,197,129,17721.8
90,195,130,17731.9
99,231,131,17741.9
98,205,141,17751.9
107,229,153,17762
97,184,146,17772
95,206,134,17782
97,201,144,17792.1
91,234,136,17802.1
88,203,149,17812.2
98,242,142,17822.2
98,188,146,17832.2
105,199,109,17842.3
114,232,161,17852.3
105,205,115,17862.3
84,206,146,17872.4
95,206,140,17882.4
88,201,137,17892.4
105,180,132,17902.5
98,177,131,17912.5
92,202,169,17922.5
84,183,147,17932.6
85,242,138,17942.6
92,243,131,17952.6
119,236,152,17962.7
108,191,129,17972.7
94,221,139,17982.7
101,219,140,17992.8
97,197,132,18002.8
102,209,128,18012.9
107,201,124,18022.9
108,195,152,18032.9
116,251,136,18043
86,217,132,18053
103,214,154,18063
101,211,145,18073.1
100,210,134,18083.1
110,211,115,18093.1
101,189,128,18103.2
88,213,131,18113.2
87,174,143,18123.2
97,197,117,18133.3
86,202,142,18143.3
109,192,156,18153.3
86,195,134,18163.4
102,183,171,18173.4
92,184,146,18183.4
102,221,146,18193.5
105,167,133,18203.5
115,195,130,18213.5
96,189,119,18223.6
109,173,109,18233.6
88,202,110,18243.6
106,194,121,18253.7
97,186,133,18263.7
107,223,144,18273.8
101,192,138,18283.8
95,190,138,18293.8
95,187,133,18303.9
105,207,127,18313.9
101,192,132,18323.9
80,192,136,18334
96,203,138,18344
111,229,144,18354
104,203,117,18364.1
100,220,117,18374.1
93,205,134,18384.1
106,193,134,18394.2
109,201,112,18404.2
100,189,142,18414.2
101,203,139,18424.3
87,201,140,18434.3
97,207,162,18444.3
96,189,125,18454.4
107,222,141,18464.4
90,176,125,18474.4
100,188,142,18484.5
99,216,133,18494.5
92,183,154,18504.5
110,211,130,18514.6
104,211,130,18524.6
105,198,143,18534.6
104,229,135,18544.7
99,206,143,18554.7
96,216,149,18564.7
102,252,144,18574.8
112,220,122,18584.8
101,222,146,18594.8
118,209,139,18604.9
93,192,160,18614.9
118,235,141,18624.9
110,221,128,18635
105,206,170,18645
84,243,136,18655
100,255,172,18665.1
106,230,163,18675.1
100,216,175,18685.1
117,243,153,18695.2
95,250,170,18705.2
101,250,139,18715.3
93,247,159,18725.3
99,246,164,18735.3
81,235,157,18745.4
99,232,146,18755.4
92,265,151,18765.4
90,251,154,18775.5
82,249,142,18785.5
106,259,152,18795.5
103,243,162,18805.6
106,232,132,18815.6
118,220,143,18825.6
94,243,164,18835.7
106,244,157,18845.7
101,219,191,18855.7
105,241,166,18865.8
112,219,170,18875.8
103,238,154,18885.8
97,243,144,18895.9
85,252,163,18905.9
120,201,148,18915.9
94,244,168,18926
121,222,154,18936
90,243,169,18946
96,224,143,18956.1
102,221,140,18966.1
113,249,137,18976.1
114,195,179,18986.2
109,229,146,18996.2
87,256,180,19006.2
126,229,166,19016.3
106,217,149,19026.3
108,234,148,19036.3
86,241,171,19046.4
89,228,148,19056.4
85,237,156,19066.4
87,240,169,19076.5
102,212,151,19086.5
90,217,166,19096.5
106,224,160,19106.6
94,210,172,19116.6
110,252,170,19126.6
104,235,161,19136.7
107,234,165,19146.7
97,227,164,19156.7
88,232,160,19166.8
101,229,181,19176.8
96,232,143,19186.8
95,231,152,19196.9
93,212,173,19206.9
85,222,156,19216.9
116,215,156,19227
104,234,148,19237
112,225,146,19247.1
102,231,165,19257.1
118,229,164,19267.1
96,241,176,19277.2
106,210,162,19287.2
77,224,183,19297.2
111,198,170,19307.2
98,231,168,19317.3
113,231,159,19327.3
99,208,130,19337.4
103,228,142,19347.4
98,218,162,19357.4
95,252,167,19367.5
85,252,171,19377.5
115,240,149,19387.5
112,228,142,19397.6
111,241,152,19407.6
91,232,147,19417.6
115,226,160,19427.7
91,232,161,19437.7
97,225,156,19447.7
93,232,162,19457.8
117,248,179,19467.8
92,252,164,19477.8
83,241,157,19487.9
94,230,153,19497.9
106,225,139,19507.9
110,220,173,19518
98,222,160,19528
85,237,152,19538
84,242,162,19548.1
96,226,154,19558.1
92,214,148,19568.1
91,254,149,19578.2
88,239,155,19588.2
116,248,149,19598.2
88,235,133,19608.3
88,211,145,19618.3
110,238,159,19628.3
118,231,164,19638.4
129,222,145,19648.4
103,247,163,19658.4
98,248,162,19668.5
118,217,166,19678.5
96,259,150,19688.5
106,215,149,19698.6
90,215,165,19708.6
98,177,134,19718.6
94,244,161,19728.7
108,233,167,19738.7
107,253,149,19748.7
101,218,155,19758.8
98,225,172,19768.8
106,271,160,19778.8
102,249,137,19788.9
97,212,165,19798.9
109,240,151,19808.9
119,249,158,19819
110,266,159,19829
113,250,153,19839
110,192,164,19849.1
89,222,167,19859.1
98,227,157,19869.1
96,206,147,19879.2
102,235,143,19889.2
98,229,148,19899.2
104,229,163,19909.3
94,200,158,19919.3
102,228,179,19929.3
96,208,160,19939.4
88,215,170,19949.4
76,207,155,19959.4
86,213,158,19969.5
102,260,163,19979.5
91,251,170,19989.5
97,246,154,19999.6
96,224,135,20009.6
92,255,165,20019.6
95,214,153,20029.7
101,228,156,20039.7
96,226,152,20049.7
97,201,150,20059.8
91,221,162,20069.8
102,225,169,20079.9
100,232,150,20089.9
107,240,158,20099.9
93,208,147,20110
81,225,136,20120
97,237,151,20130
110,246,153,20140.1
87,270,157,20150.1
88,232,156,20160.1
101,231,153,20170.2
96,216,155,20180.2
107,250,161,20190.2
102,231,166,20200.3
85,224,127,20210.3
88,223,141,20220.3
114,249,161,20230.4
109,221,164,20240.4
85,249,143,20250.4
97,224,158,20260.5
106,237,162,20270.5
116,221,140,20280.5
89,235,168,20290.6
103,203,166,20300.6
105,230,125,20310.6
83,207,147,20320.7
90,242,150,20330.7
105,216,161,20340.7
105,229,152,20350.8
83,230,152,20360.8
111,200,144,20370.8
112,213,170,20380.9
106,224,164,20390.9
109,214,151,20400.9
94,242,153,20411
84,219,145,20421
100,210,163,20431
95,249,175,20441.1
93,208,185,20451.1
92,221,189,20461.1
101,228,158,20471.2
103,223,150,20481.2
109,258,161,20491.2
114,216,148,20501.3
109,239,166,20511.3
99,212,152,20521.4
99,200,158,20531.4
98,204,146,20541.4
104,184,163,20551.5
105,217,153,20561.5
93,217,114,20571.5
90,231,168,20581.6
83,222,191,20591.6
79,205,180,20601.6
81,222,167,20611.7
93,202,141,20621.7
100,196,160,20631.7
87,223,156,20641.8
109,238,176,20651.8
82,205,146,20661.8
103,233,162,20671.9
109,240,177,20681.9
113,226,163,20691.9
82,204,159,20702
103,213,166,20712
107,241,143,20722
99,223,151,20732.1
89,214,155,20742.1
104,212,146,20752.1
89,227,151,20762.2
86,220,151,20772.2
105,211,140,20782.2
79,204,149,20792.3
101,249,157,20802.3
93,206,173,20812.3
74,243,128,20822.4
96,222,151,20832.4
91,226,178,20842.4
81,217,151,20852.5
101,245,147,20862.5
88,196,152,20872.5
85,232,147,20882.6
95,228,134,20892.6
99,252,136,20902.6
81,224,138,20912.7
83,224,148,20922.7
97,238,173,20932.7
113,237,144,20942.8
78,209,182,20952.8
83,231,163,20962.8
102,212,143,20972.9
86,233,180,20982.9
111,218,168,20992.9
92,207,136,21003
94,200,152,21013
99,198,139,21023
87,236,153,21033.1
110,243,160,21043.1
91,208,160,21053.1
88,204,189,21063.2
84,233,170,21073.2
98,241,154,21083.2
95,237,146,21093.3
95,209,142,21103.3
88,202,177,21113.3
95,231,156,21123.4
104,220,148,21133.4
100,190,153,21143.5
93,215,158,21153.5
119,241,159,21163.5
96,229,166,21173.6
98,242,155,21183.6
109,215,148,21193.6
102,202,157,21203.7
98,225,159,21213.7
93,206,157,21223.7
110,264,151,21233.8
110,232,155,21243.8
88,218,179,21253.8
96,217,176,21263.9
83,219,155,21273.9
112,219,143,21283.9
85,201,165,21294
97,194,165,21304
83,249,140,21314
80,195,154,21324.1
92,225,154,21334.1
89,187,176,21344.1
90,191,170,21354.2
98,245,165,21364.2
95,204,144,21374.2
105,209,138,21384.3
106,212,133,21394.3
86,220,145,21404.3
97,212,139,21414.4
94,203,167,21424.4
97,219,155,21434.4
93,206,162,21444.5
95,215,175,21454.5
88,227,156,21464.5
113,203,148,21474.6
76,178,153,21484.6
89,202,149,21494.6
100,214,148,21504.7
87,193,160,21514.7
82,186,160,21524.7
102,202,161,21534.8
90,188,150,21544.8
94,216,130,21554.8
97,212,161,21564.9
97,228,147,21574.9
107,218,156,21584.9
83,222,157,21595
114,221,149,21605
83,197,157,21615
99,227,149,21625.1
90,203,168,21635.1
86,208,167,21645.1
109,196,158,21655.2
78,217,159,21665.2
101,227,147,21675.2
83,166,136,21685.3
70,212,176,21695.3
105,221,156,21705.3
95,223,147,21715.4
74,197,162,21725.4
95,222,154,21735.4
98,219,160,21745.5
79,173,172,21755.5
106,210,164,21765.5
93,224,140,21775.6
87,197,143,21785.6
85,195,174,21795.7
110,208,139,21805.7
94,216,168,21815.7
86,207,172,21825.8
102,211,133,21835.8
88,206,154,21845.8
93,192,180,21855.9
91,192,154,21865.9
107,231,159,21875.9
63,195,155,21886
103,212,140,21896
90,199,164,21906
99,227,172,21916.1
84,191,156,21926.1
87,222,139,21936.1
94,220,148,21946.2
75,201,162,21956.2
86,219,138,21966.2
101,192,145,21976.3
91,206,139,21986.3
90,224,157,21996.3
91,199,149,22006.4
90,200,143,22016.4
96,234,148,22026.4
93,232,147,22036.5
82,204,125,22046.5
80,205,136,22056.5
93,209,161,22066.6
90,223,145,22076.6
88,202,151,22086.6
79,209,153,22096.7
103,201,134,22106.7
82,196,140,22116.7
89,221,146,22126.8
93,206,172,22136.8
82,175,163,22146.8
75,185,135,22156.9
97,200,136,22166.9
87,181,141,22176.9
81,173,142,22187
110,196,156,22197
106,202,162,22207
84,187,145,22217.1
98,199,140,22227.1
80,195,144,22237.1
80,172,144,22247.2
64,145,132,22257.2
87,148,126,22267.2
75,204,146,22277.3
81,173,134,22287.3
77,187,143,22297.3
88,168,138,22307.4
81,152,115,22317.4
76,140,155,22327.4
71,144,106,22337.5
71,127,117,22347.5
63,133,127,22357.5
70,170,113,22367.6
87,135,140,22377.6
77,135,129,22387.6
81,142,128,22397.7
72,161,120,22407.7
80,143,112,22417.7
72,136,135,22427.8
59,74,89,22437.8
80,50,92,22447.8
2,4,4,22457.9
0,0,0,22467.9
0,0,0,22477.9
0,0,0,22487.9
0,0,0,22497.9
0,0,0,22508
0,0,0,22518
0,0,0,22528
0,0,0,22538
0,0,0,22548.1
0,0,0,22558.1
0,0,0,22568.1
0,0,0,22578.1
0,0,0,22588.2
0,0,0,22598.2
0,0,0,22608.2
0,0,0,22618.2
0,0,0,22628.2
0,0,0,22638.3
0,0,0,22648.3
0,0,0,22658.3
0,0,0,22668.3
0,0,0,22678.4
0,0,0,22688.4
0,0,0,22698.4
0,0,0,22708.4
0,0,0,22718.4
0,0,0,22728.5
0,0,0,22738.5
0,0,0,22748.5
0,0,0,22758.5
0,0,0,22768.6
0,0,0,22778.6
0,0,0,22788.6
0,0,0,22798.6
0,0,0,22808.6
0,0,0,22818.7
0,0,0,22828.7
0,0,0,22838.7
0,0,0,22848.7
0,0,0,22858.8
0,0,0,22868.8
0,0,0,22878.8
0,0,0,22888.8
0,0,0,22898.8
0,0,0,22908.9
0,0,0,22918.9
0,0,0,22928.9
0,0,0,22938.9
0,0,0,22949
0,0,0,22959
0,0,0,22969
0,0,0,22979
0,0,0,22989.1
0,0,0,22999.1
0,0,0,23009.1
0,0,0,23019.1
0,0,0,23029.1
0,0,0,23039.2
0,0,0,23049.2
0,0,0,23059.2
0,0,0,23069.2
0,0,0,23079.3
0,0,0,23089.3
0,0,0,23099.3
0,0,0,23109.3
0,0,0,23119.3
0,0,0,23129.4
0,0,0,23139.4
0,0,0,23149.4
0,0,0,23159.4
0,0,0,23169.5
0,0,0,23179.5
0,0,0,23189.5
0,0,0,23199.5
0,0,0,23209.5
0,0,0,23219.6
0,0,0,23229.6
0,0,0,23239.6
0,0,0,23249.6
0,0,0,23259.7
0,0,0,23269.7
0,0,0,23279.7
0,0,0,23289.7
0,0,0,23299.7
0,0,0,23309.8
0,0,0,23319.8
0,0,0,23329.8
0,0,0,23339.8
0,0,0,23349.9
0,0,0,23359.9
0,0,0,23369.9
0,0,0,23379.9
0,0,0,23389.9
0,0,0,23400
0,0,0,23410
0,0,0,23420
0,0,0,23430
0,0,0,23440.1
0,0,0,23450.1
0,0,0,23460.1
0,0,0,23470.1
0,0,0,23480.2
0,0,0,23490.2
0,0,0,23500.2
0,0,0,23510.2
0,0,0,23520.2
0,0,0,23530.3
0,0,0,23540.3
0,0,0,23550.3
0,0,0,23560.3
0,0,0,23570.4
0,0,0,23580.4
0,0,0,23590.4
0,0,0,23600.4
0,0,0,23610.4
0,0,0,23620.5
0,0,0,23630.5
0,0,0,23640.5
0,0,0,23650.5
0,0,0,23660.6
0,0,0,23670.6
0,0,0,23680.6
0,0,0,23690.6
0,0,0,23700.6
0,0,0,23710.7
0,0,0,23720.7
0,0,0,23730.7
0,0,0,23740.7
0,0,0,23750.8
0,0,0,23760.8
0,0,0,23770.8
0,0,0,23780.8
0,0,0,23790.9
0,0,0,23800.9
0,0,0,23810.9
0,0,0,23820.9
0,0,0,23830.9
0,0,0,23841
0,0,0,23851
0,0,0,23861
0,0,0,23871
0,0,0,23881.1
0,0,0,23891.1
0,0,0,23901.1
0,0,0,23911.1
0,0,0,23921.1
0,0,0,23931.2
0,0,0,23941.2
0,0,0,23951.2
0,0,0,23961.2
0,0,0,23971.3
0,0,0,23981.3
0,0,0,23991.3
0,0,0,24001.3
0,0,0,24011.3
0,0,0,24021.4
0,0,0,24031.4
0,0,0,24041.4
0,0,0,24051.4
0,0,0,24061.5
0,0,0,24071.5
0,0,0,24081.5
0,0,0,24091.5
0,0,0,24101.5
0,0,0,24111.6
0,0,0,24121.6
0,0,0,24131.6
0,0,0,24141.6
0,0,0,24151.7
0,0,0,24161.7
0,0,0,24171.7
0,0,0,24181.7
0,0,0,24191.7
0,0,0,24201.8
0,0,0,24211.8
0,0,0,24221.8
0,0,0,24231.8
0,0,0,24241.9
0,0,0,24251.9
0,0,0,24261.9
0,0,0,24271.9
0,0,0,24281.9
0,0,0,24292
0,0,0,24302
0,0,0,24312
0,0,0,24322
0,0,0,24332.1
0,0,0,24342.1
0,0,0,24352.1
0,0,0,24362.1
0,0,0,24372.1
0,0,0,24382.2
0,0,0,24392.2
0,0,0,24402.2
0,0,0,24412.2
0,0,0,24422.3
0,0,0,24432.3
0,0,0,24442.3
0,0,0,24452.3
0,0,0,24462.3
0,0,0,24472.4
0,0,0,24482.4
0,0,0,24492.4
0,0,0,24502.4
0,0,0,24512.5
0,0,0,24522.5
0,0,0,24532.5
0,0,0,24542.5
0,0,0,24552.5
0,0,0,24562.6
0,0,0,24572.6
0,0,0,24582.6
0,0,0,24592.6
0,0,0,24602.7
0,0,0,24612.7
0,0,0,24622.7
0,0,0,24632.7
0,0,0,24642.8
0,0,0,24652.8
0,0,0,24662.8
0,0,0,24672.8
0,0,0,24682.8
0,0,0,24692.9
0,0,0,24702.9
0,0,0,24712.9
0,0,0,24722.9
0,0,0,24733
0,0,0,24743
0,0,0,24753
0,0,0,24763
0,0,0,24773
0,0,0,24783.1
0,0,0,24793.1
0,0,0,24803.1
0,0,0,24813.1
0,0,0,24823.2
0,0,0,24833.2
0,0,0,24843.2
0,0,0,24853.2
0,0,0,24863.2
0,0,0,24873.3
0,0,0,24883.3
0,0,0,24893.3
0,0,0,24903.3
0,0,0,24913.4
0,0,0,24923.4
0,0,0,24933.4
0,0,0,24943.4
0,0,0,24953.5
0,0,0,24963.5
0,0,0,24973.5
0,0,0,24983.5
0,0,0,24993.5
0,0,0,25003.6
0,0,0,25013.6
0,0,0,25023.6
0,0,0,25033.6
0,0,0,25043.6
0,0,0,25053.7
0,0,0,25063.7
0,0,0,25073.7
0,0,0,25083.7
0,0,0,25093.8
0,0,0,25103.8
0,0,0,25113.8
0,0,0,25123.8
0,0,0,25133.9
0,0,0,25143.9
0,0,0,25153.9
0,0,0,25163.9
0,0,0,25173.9
0,0,0,25184
0,0,0,25194
0,0,0,25204
0,0,0,25214
0,0,0,25224.1
0,0,0,25234.1
0,0,0,25244.1
0,0,0,25254.1
0,0,0,25264.1
0,0,0,25274.2
0,0,0,25284.2
0,0,0,25294.2
0,0,0,25304.2
0,0,0,25314.3
0,0,0,25324.3
0,0,0,25334.3
0,0,0,25344.3
0,0,0,25354.4
0,0,0,25364.4
0,0,0,25374.4
0,0,0,25384.4
0,0,0,25394.4
0,0,0,25404.5
0,0,0,25414.5
0,0,0,25424.5
0,0,0,25434.5
0,0,0,25444.6
0,0,0,25454.6
0,0,0,25464.6
0,0,0,25474.6
0,0,0,25484.6
0,0,0,25494.7
0,0,0,25504.7
0,0,0,25514.7
0,0,0,25524.7
0,0,0,25534.8
0,0,0,25544.8
0,0,0,25554.8
0,0,0,25564.8
0,0,0,25574.8
0,0,0,25584.9
0,0,0,25594.9
0,0,0,25604.9
0,0,0,25614.9
0,0,0,25625
0,0,0,25635
0,0,0,25645
0,0,0,25655
0,0,0,25665
0,0,0,25675.1
0,0,0,25685.1
0,0,0,25695.1
0,0,0,25705.1
0,0,0,25715.2
0,0,0,25725.2
0,0,0,25735.2
0,0,0,25745.2
0,0,0,25755.2
0,0,0,25765.3
0,0,0,25775.3
0,0,0,25785.3
0,0,0,25795.3
0,0,0,25805.4
0,0,0,25815.4
0,0,0,25825.4
0,0,0,25835.4
0,0,0,25845.5
0,0,0,25855.5
0,0,0,25865.5
0,0,0,25875.5
0,0,0,25885.5
0,0,0,25895.6
0,0,0,25905.6
0,0,0,25915.6
0,0,0,25925.6
0,0,0,25935.7
0,0,0,25945.7
0,0,0,25955.7
0,0,0,25965.7
0,0,0,25975.7
0,0,0,25985.8
0,0,0,25995.8
0,0,0,26005.8
0,0,0,26015.8
0,0,0,26025.9
0,0,0,26035.9
0,0,0,26045.9
0,0,0,26055.9
0,0,0,26065.9
0,0,0,26076
0,0,0,26086
0,0,0,26096
0,0,0,26106
0,0,0,26116.1
0,0,0,26126.1
0,0,0,26136.1
0,0,0,26146.1
0,0,0,26156.1
0,0,0,26166.2
0,0,0,26176.2
0,0,0,26186.2
0,0,0,26196.2
0,0,0,26206.3
0,0,0,26216.3
0,0,0,26226.3
0,0,0,26236.3
0,0,0,26246.4
0,0,0,26256.4
0,0,0,26266.4
0,0,0,26276.4
0,0,0,26286.4
0,0,0,26296.5
0,0,0,26306.5
0,0,0,26316.5
0,0,0,26326.5
0,0,0,26336.6
0,0,0,26346.6
0,0,0,26356.6
0,0,0,26366.6
0,0,0,26376.6
0,0,0,26386.7
0,0,0,26396.7
0,0,0,26406.7
0,0,0,26416.7
0,0,0,26426.8
0,0,0,26436.8
0,0,0,26446.8
0,0,0,26456.8
0,0,0,26466.9
0,0,0,26476.9
0,0,0,26486.9
0,0,0,26496.9
0,0,0,26506.9
0,0,0,26517
0,0,0,26527
0,0,0,26537
0,0,0,26547
0,0,0,26557.1
0,0,0,26567.1
0,0,0,26577.1
0,0,0,26587.1
0,0,0,26597.1
0,0,0,26607.2
0,0,0,26617.2
0,0,0,26627.2
0,0,0,26637.2
0,0,0,26647.3
0,0,0,26657.3
0,0,0,26667.3
0,0,0,26677.3
0,0,0,26687.3
0,0,0,26697.4
0,0,0,26707.4
0,0,0,26717.4
0,0,0,26727.4
0,0,0,26737.5
0,0,0,26747.5
0,0,0,26757.5
0,0,0,26767.5
0,0,0,26777.5
0,0,0,26787.6
0,0,0,26797.6
0,0,0,26807.6
0,0,0,26817.6
0,0,0,26827.7
0,0,0,26837.7
0,0,0,26847.7
0,0,0,26857.7
0,0,0,26867.7
0,0,0,26877.8
0,0,0,26887.8
0,0,0,26897.8
0,0,0,26907.8
0,0,0,26917.9
0,0,0,26927.9
0,0,0,26937.9
0,0,0,26947.9
0,0,0,26957.9
0,0,0,26968
0,0,0,26978
0,0,0,26988
0,0,0,26998
0,0,0,27008.1
0,0,0,27018.1
0,0,0,27028.1
0,0,0,27038.1
0,0,0,27048.2
0,0,0,27058.2
0,0,0,27068.2
0,0,0,27078.2
0,0,0,27088.2
0,0,0,27098.3
0,0,0,27108.3
0,0,0,27118.3
0,0,0,27128.3
0,0,0,27138.4
0,0,0,27148.4
0,0,0,27158.4
0,0,0,27168.4
0,0,0,27178.4
0,0,0,27188.5
0,0,0,27198.5
0,0,0,27208.5
0,0,0,27218.5
0,0,0,27228.6
0,0,0,27238.6
0,0,0,27248.6
0,0,0,27258.6
0,0,0,27268.6
0,0,0,27278.7
0,0,0,27288.7
0,0,0,27298.7
0,0,0,27308.7
0,0,0,27318.8
0,0,0,27328.8
0,0,0,27338.8
0,0,0,27348.8
0,0,0,27358.9
0,0,0,27368.9
0,0,0,27378.9
0,0,0,27388.9
0,0,0,27398.9
0,0,0,27409
0,0,0,27419
0,0,0,27429
0,0,0,27439
0,0,0,27449.1
0,0,0,27459.1
0,0,0,27469.1
0,0,0,27479.1
0,0,0,27489.1
0,0,0,27499.2
0,0,0,27509.2
0,0,0,27519.2
0,0,0,27529.2
0,0,0,27539.3
0,0,0,27549.3
0,0,0,27559.3
0,0,0,27569.3
0,0,0,27579.3
0,0,0,27589.4
0,0,0,27599.4
0,0,0,27609.4
0,0,0,27619.4
0,0,0,27629.5
0,0,0,27639.5
0,0,0,27649.5
0,0,0,27659.5
0,0,0,27669.5
0,0,0,27679.6
0,0,0,27689.6
0,0,0,27699.6
0,0,0,27709.6
0,0,0,27719.7
0,0,0,27729.7
0,0,0,27739.7
0,0,0,27749.7
0,0,0,27759.8
0,0,0,27769.8
0,0,0,27779.8
0,0,0,27789.8
0,0,0,27799.8
0,0,0,27809.9
0,0,0,27819.9
0,0,0,27829.9
0,0,0,27839.9
0,0,0,27850
0,0,0,27860
0,0,0,27870
0,0,0,27880
0,0,0,27890
0,0,0,27900.1
0,0,0,27910.1
0,0,0,27920.1
0,0,0,27930.1
0,0,0,27940.2
0,0,0,27950.2
0,0,0,27960.2
0,0,0,27970.2
0,0,0,27980.2
0,0,0,27990.3
0,0,0,28000.3
0,0,0,28010.3
0,0,0,28020.3
0,0,0,28030.4
0,0,0,28040.4
0,0,0,28050.4
0,0,0,28060.4
0,0,0,28070.5
0,0,0,28080.5
0,0,0,28090.5
0,0,0,28100.5
0,0,0,28110.5
0,0,0,28120.6
0,0,0,28130.6
0,0,0,28140.6
0,0,0,28150.6
0,0,0,28160.7
0,0,0,28170.7
0,0,0,28180.7
0,0,0,28190.7
0,0,0,28200.7
0,0,0,28210.8
0,0,0,28220.8
0,0,0,28230.8
0,0,0,28240.8
0,0,0,28250.9
0,0,0,28260.9
0,0,0,28270.9
0,0,0,28280.9
0,0,0,28290.9
0,0,0,28301
0,0,0,28311
0,0,0,28321
0,0,0,28331
0,0,0,28341.1
0,0,0,28351.1
0,0,0,28361.1
0,0,0,28371.1
0,0,0,28381.1
0,0,0,28391.2
0,0,0,28401.2
0,0,0,28411.2
0,0,0,28421.2
0,0,0,28431.3
0,0,0,28441.3
0,0,0,28451.3
0,0,0,28461.3
0,0,0,28471.3
0,0,0,28481.4
0,0,0,28491.4
0,0,0,28501.4
0,0,0,28511.4
0,0,0,28521.5
0,0,0,28531.5
0,0,0,28541.5
0,0,0,28551.5
0,0,0,28561.5
0,0,0,28571.6
0,0,0,28581.6
0,0,0,28591.6
0,0,0,28601.6
0,0,0,28611.7
0,0,0,28621.7
0,0,0,28631.7
0,0,0,28641.7
0,0,0,28651.8
0,0,0,28661.8
0,0,0,28671.8
0,0,0,28681.8
0,0,0,28691.8
0,0,0,28701.9
0,0,0,28711.9
0,0,0,28721.9
0,0,0,28731.9
0,0,0,28742
0,0,0,28752
0,0,0,28762
0,0,0,28772
0,0,0,28782
0,0,0,28792.1
0,0,0,28802.1
0,0,0,28812.1
0,0,0,28822.1
0,0,0,28832.2
0,0,0,28842.2
0,0,0,28852.2
0,0,0,28862.2
0,0,0,28872.2
0,0,0,28882.3
0,0,0,28892.3
0,0,0,28902.3
0,0,0,28912.3
0,0,0,28922.4
0,0,0,28932.4
0,0,0,28942.4
0,0,0,28952.4
0,0,0,28962.4
0,0,0,28972.5
0,0,0,28982.5
0,0,0,28992.5
0,0,0,29002.5
0,0,0,29012.6
0,0,0,29022.6
0,0,0,29032.6
0,0,0,29042.6
0,0,0,29052.6
0,0,0,29062.7
0,0,0,29072.7
0,0,0,29082.7
0,0,0,29092.7
0,0,0,29102.8
0,0,0,29112.8
0,0,0,29122.8
0,0,0,29132.8
0,0,0,29142.9
0,0,0,29152.9
0,0,0,29162.9
0,0,0,29172.9
0,0,0,29182.9
0,0,0,29193
0,0,0,29203
0,0,0,29213
0,0,0,29223
0,0,0,29233.1
0,0,0,29243.1
0,0,0,29253.1
0,0,0,29263.1
0,0,0,29273.1
0,0,0,29283.2
0,0,0,29293.2
0,0,0,29303.2
0,0,0,29313.2
0,0,0,29323.3
0,0,0,29333.3
0,0,0,29343.3
0,0,0,29353.3
0,0,0,29363.3
0,0,0,29373.4
0,0,0,29383.4
0,0,0,29393.4
0,0,0,29403.4
0,0,0,29413.5
0,0,0,29423.5
0,0,0,29433.5
0,0,0,29443.5
0,0,0,29453.5
0,0,0,29463.6
0,0,0,29473.6
0,0,0,29483.6
0,0,0,29493.6
0,0,0,29503.7
0,0,0,29513.7
0,0,0,29523.7
0,0,0,29533.7
0,0,0,29543.8
0,0,0,29553.8
0,0,0,29563.8
0,0,0,29573.8
0,0,0,29583.8
0,0,0,29593.9
0,0,0,29603.9
0,0,0,29613.9
0,0,0,29623.9
0,0,0,29634
0,0,0,29644
0,0,0,29654
0,0,0,29664
0,0,0,29674
0,0,0,29684.1
0,0,0,29694.1
0,0,0,29704.1
0,0,0,29714.1
0,0,0,29724.2
0,0,0,29734.2
0,0,0,29744.2
0,0,0,29754.2
0,0,0,29764.2
0,0,0,29774.3
0,0,0,29784.3
0,0,0,29794.3
0,0,0,29804.3
0,0,0,29814.4
0,0,0,29824.4
0,0,0,29834.4
0,0,0,29844.4
0,0,0,29854.4
0,0,0,29864.5
0,0,0,29874.5
0,0,0,29884.5
0,0,0,29894.5
0,0,0,29904.6
0,0,0,29914.6
0,0,0,29924.6
0,0,0,29934.6
0,0,0,29944.6
0,0,0,29954.7
0,0,0,29964.7
0,0,0,29974.7
0,0,0,29984.7
0,0,0,29994.8
0,0,0,30004.8
0,0,0,30014.8
0,0,0,30024.8
0,0,0,30034.8
0,0,0,30044.9
0,0,0,30054.9
0,0,0,30064.9
0,0,0,30074.9
0,0,0,30085
0,0,0,30095
0,0,0,30105
0,0,0,30115
0,0,0,30125
0,0,0,30135.1
0,0,0,30145.1
0,0,0,30155.1
0,0,0,30165.1
0,0,0,30175.2
0,0,0,30185.2
0,0,0,30195.2
0,0,0,30205.2
0,0,0,30215.2
0,0,0,30225.3
0,0,0,30235.3
0,0,0,30245.3
0,0,0,30255.3
0,0,0,30265.4
0,0,0,30275.4
0,0,0,30285.4
0,0,0,30295.4
0,0,0,30305.4
0,0,0,30315.5
0,0,0,30325.5
0,0,0,30335.5
0,0,0,30345.5
0,0,0,30355.6
0,0,0,30365.6
0,0,0,30375.6
0,0,0,30385.6
0,0,0,30395.6
0,0,0,30405.7
0,0,0,30415.7
0,0,0,30425.7
0,0,0,30435.7
0,0,0,30445.8
0,0,0,30455.8
0,0,0,30465.8
0,0,0,30475.8
0,0,0,30485.9
0,0,0,30495.9
0,0,0,30505.9
0,0,0,30515.9
0,0,0,30525.9
0,0,0,30536
0,0,0,30546
0,0,0,30556
0,0,0,30566
0,0,0,30576.1
0,0,0,30586.1
0,0,0,30596.1
0,0,0,30606.1
0,0,0,30616.1
0,0,0,30626.2
0,0,0,30636.2
0,0,0,30646.2
0,0,0,30656.2
0,0,0,30666.3
0,0,0,30676.3
0,0,0,30686.3
0,0,0,30696.3
0,0,0,30706.3
0,0,0,30716.4
0,0,0,30726.4
0,0,0,30736.4
0,0,0,30746.4
0,0,0,30756.5
0,0,0,30766.5
0,0,0,30776.5
0,0,0,30786.5
0,0,0,30796.5
0,0,0,30806.6
0,0,0,30816.6
0,0,0,30826.6
0,0,0,30836.6
0,0,0,30846.7
0,0,0,30856.7
0,0,0,30866.7
0,0,0,30876.7
0,0,0,30886.8
0,0,0,30896.8
0,0,0,30906.8
0,0,0,30916.8
0,0,0,30926.8
0,0,0,30936.9
0,0,0,30946.9
0,0,0,30956.9
0,0,0,30966.9
0,0,0,30977
0,0,0,30987
0,0,0,30997
0,0,0,31007
0,0,0,31017
0,0,0,31027.1
0,0,0,31037.1
0,0,0,31047.1
0,0,0,31057.1
0,0,0,31067.2
0,0,0,31077.2
0,0,0,31087.2
0,0,0,31097.2
0,0,0,31107.2
0,0,0,31117.3
0,0,0,31127.3
0,0,0,31137.3
0,0,0,31147.3
0,0,0,31157.4
0,0,0,31167.4
0,0,0,31177.4
0,0,0,31187.4
0,0,0,31197.4
0,0,0,31207.5
0,0,0,31217.5
0,0,0,31227.5
0,0,0,31237.5
0,0,0,31247.6
0,0,0,31257.6
0,0,0,31267.6
0,0,0,31277.6
0,0,0,31287.6
0,0,0,31297.7
0,0,0,31307.7
0,0,0,31317.7
0,0,0,31327.7
0,0,0,31337.8
0,0,0,31347.8
0,0,0,31357.8
0,0,0,31367.8
0,0,0,31377.8
0,0,0,31387.9
0,0,0,31397.9
0,0,0,31407.9
0,0,0,31417.9
0,0,0,31428
0,0,0,31438
0,0,0,31448
0,0,0,31458
0,0,0,31468.1
0,0,0,31478.1
0,0,0,31488.1
0,0,0,31498.1
0,0,0,31508.1
0,0,0,31518.2
0,0,0,31528.2
0,0,0,31538.2
0,0,0,31548.2
0,0,0,31558.2
0,0,0,31568.3
0,0,0,31578.3
0,0,0,31588.3
0,0,0,31598.3
0,0,0,31608.4
0,0,0,31618.4
0,0,0,31628.4
0,0,0,31638.4
0,0,0,31648.5
0,0,0,31658.5
0,0,0,31668.5
0,0,0,31678.5
0,0,0,31688.5
0,0,0,31698.6
0,0,0,31708.6
0,0,0,31718.6
0,0,0,31728.6
0,0,0,31738.7
0,0,0,31748.7
0,0,0,31758.7
0,0,0,31768.7
0,0,0,31778.7
0,0,0,31788.8
0,0,0,31798.8
0,0,0,31808.8
0,0,0,31818.8
0,0,0,31828.9
0,0,0,31838.9
0,0,0,31848.9
0,0,0,31858.9
0,0,0,31868.9
0,0,0,31879
0,0,0,31889
0,0,0,31899
0,0,0,31909
0,0,0,31919.1
0,0,0,31929.1
0,0,0,31939.1
0,0,0,31949.1
0,0,0,31959.1
0,0,0,31969.2
0,0,0,31979.2
0,0,0,31989.2
0,0,0,31999.2
0,0,0,32009.3
0,0,0,32019.3
0,0,0,32029.3
0,0,0,32039.3
0,0,0,32049.3
0,0,0,32059.4
0,0,0,32069.4
0,0,0,32079.4
0,0,0,32089.4
0,0,0,32099.5
0,0,0,32109.5
0,0,0,32119.5
0,0,0,32129.5
0,0,0,32139.5
0,0,0,32149.6
0,0,0,32159.6
0,0,0,32169.6
0,0,0,32179.6
0,0,0,32189.7
0,0,0,32199.7
0,0,0,32209.7
0,0,0,32219.7
0,0,0,32229.8
0,0,0,32239.8
0,0,0,32249.8
0,0,0,32259.8
0,0,0,32269.8
0,0,0,32279.9
0,0,0,32289.9
0,0,0,32299.9
0,0,0,32309.9
0,0,0,32320
0,0,0,32330
0,0,0,32340
0,0,0,32350
0,0,0,32360
0,0,0,32370.1
0,0,0,32380.1
0,0,0,32390.1
0,0,0,32400.1
0,0,0,32410.2
0,0,0,32420.2
0,0,0,32430.2
0,0,0,32440.2
0,0,0,32450.2
0,0,0,32460.3
0,0,0,32470.3
0,0,0,32480.3
0,0,0,32490.3
0,0,0,32500.4
0,0,0,32510.4
0,0,0,32520.4
0,0,0,32530.4
0,0,0,32540.4
0,0,0,32550.5
0,0,0,32560.5
0,0,0,32570.5
0,0,0,32580.5
0,0,0,32590.6
0,0,0,32600.6
0,0,0,32610.6
0,0,0,32620.6
0,0,0,32630.7
0,0,0,32640.7
0,0,0,32650.7
0,0,0,32660.7
0,0,0,32670.7
0,0,0,32680.8
0,0,0,32690.8
0,0,0,32700.8
0,0,0,32710.8
0,0,0,32720.9
0,0,0,32730.9
0,0,0,32740.9
0,0,0,32750.9
0,0,0,32760.9
0,0,0,32771
0,0,0,32781
0,0,0,32791
0,0,0,32801
0,0,0,32811.1
0,0,0,32821.1
0,0,0,32831.1
0,0,0,32841.1
0,0,0,32851.1
0,0,0,32861.2
0,0,0,32871.2
0,0,0,32881.2
0,0,0,32891.2
0,0,0,32901.3
0,0,0,32911.3
0,0,0,32921.3
0,0,0,32931.3
0,0,0,32941.3
0,0,0,32951.4
0,0,0,32961.4
0,0,0,32971.4
0,0,0,32981.4
0,0,0,32991.5
0,0,0,33001.5
0,0,0,33011.5
0,0,0,33021.5
0,0,0,33031.5
0,0,0,33041.6
0,0,0,33051.6
0,0,0,33061.6
0,0,0,33071.6
0,0,0,33081.7
0,0,0,33091.7
0,0,0,33101.7
0,0,0,33111.7
0,0,0,33121.7
0,0,0,33131.8
0,0,0,33141.8
0,0,0,33151.8
0,0,0,33161.8
0,0,0,33171.9
0,0,0,33181.9
0,0,0,33191.9
0,0,0,33201.9
0,0,0,33212
0,0,0,33222
0,0,0,33232
0,0,0,33242
0,0,0,33252
0,0,0,33262.1
0,0,0,33272.1
0,0,0,33282.1
0,0,0,33292.1
0,0,0,33302.2
0,0,0,33312.2
0,0,0,33322.2
0,0,0,33332.2
0,0,0,33342.2
0,0,0,33352.3
0,0,0,33362.3
0,0,0,33372.3
0,0,0,33382.3
0,0,0,33392.4
0,0,0,33402.4
0,0,0,33412.4
0,0,0,33422.4
0,0,0,33432.4
0,0,0,33442.5
0,0,0,33452.5
0,0,0,33462.5
0,0,0,33472.5
0,0,0,33482.6
0,0,0,33492.6
0,0,0,33502.6
0,0,0,33512.6
0,0,0,33522.6
0,0,0,33532.7
0,0,0,33542.7
0,0,0,33552.7
0,0,0,33562.7
0,0,0,33572.8
0,0,0,33582.8
0,0,0,33592.8
0,0,0,33602.8
0,0,0,33612.8
0,0,0,33622.9
0,0,0,33632.9
0,0,0,33642.9
0,0,0,33652.9
0,0,0,33663
0,0,0,33673
0,0,0,33683
0,0,0,33693
0,0,0,33703
0,0,0,33713.1
0,0,0,33723.1
0,0,0,33733.1
0,0,0,33743.1
0,0,0,33753.2
0,0,0,33763.2
0,0,0,33773.2
0,0,0,33783.2
0,0,0,33793.2
0,0,0,33803.3
0,0,0,33813.3
0,0,0,33823.3
0,0,0,33833.3
0,0,0,33843.4
0,0,0,33853.4
0,0,0,33863.4
0,0,0,33873.4
0,0,0,33883.5
0,0,0,33893.5
0,0,0,33903.5
0,0,0,33913.5
0,0,0,33923.5
0,0,0,33933.6
0,0,0,33943.6
0,0,0,33953.6
0,0,0,33963.6
0,0,0,33973.7
0,0,0,33983.7
0,0,0,33993.7
0,0,0,34003.7
0,0,0,34013.7
0,0,0,34023.8
0,0,0,34033.8
0,0,0,34043.8
0,0,0,34053.8
0,0,0,34063.9
0,0,0,34073.9
0,0,0,34083.9
0,0,0,34093.9
0,0,0,34103.9
0,0,0,34114
0,0,0,34124
0,0,0,34134
0,0,0,34144
0,0,0,34154.1
0,0,0,34164.1
0,0,0,34174.1
0,0,0,34184.1
0,0,0,34194.1
0,0,0,34204.2
0,0,0,34214.2
0,0,0,34224.2
0,0,0,34234.2
0,0,0,34244.3
0,0,0,34254.3
0,0,0,34264.3
0,0,0,34274.3
0,0,0,34284.4
0,0,0,34294.4
0,0,0,34304.4
0,0,0,34314.4
0,0,0,34324.4
0,0,0,34334.5
0,0,0,34344.5
0,0,0,34354.5
0,0,0,34364.5
0,0,0,34374.6
0,0,0,34384.6
0,0,0,34394.6
0,0,0,34404.6
0,0,0,34414.6
0,0,0,34424.7
0,0,0,34434.7
0,0,0,34444.7
0,0,0,34454.7
0,0,0,34464.8
0,0,0,34474.8
0,0,0,34484.8
0,0,0,34494.8
0,0,0,34504.8
0,0,0,34514.9
0,0,0,34524.9
0,0,0,34534.9
0,0,0,34544.9
0,0,0,34555
0,0,0,34565
0,0,0,34575
0,0,0,34585
0,0,0,34595
0,0,0,34605.1
0,0,0,34615.1
0,0,0,34625.1
0,0,0,34635.1
0,0,0,34645.2
0,0,0,34655.2
0,0,0,34665.2
0,0,0,34675.2
0,0,0,34685.2
0,0,0,34695.3
0,0,0,34705.3
0,0,0,34715.3
0,0,0,34725.3
0,0,0,34735.4
0,0,0,34745.4
0,0,0,34755.4
0,0,0,34765.4
0,0,0,34775.5
0,0,0,34785.5
0,0,0,34795.5
0,0,0,34805.5
0,0,0,34815.5
0,0,0,34825.6
0,0,0,34835.6
0,0,0,34845.6
0,0,0,34855.6
0,0,0,34865.6
0,0,0,34875.7
0,0,0,34885.7
0,0,0,34895.7
0,0,0,34905.7
0,0,0,34915.8
0,0,0,34925.8
0,0,0,34935.8
0,0,0,34945.8
0,0,0,34955.9
0,0,0,34965.9
0,0,0,34975.9
0,0,0,34985.9
0,0,0,34995.9
0,0,0,35006
0,0,0,35016
0,0,0,35026
0,0,0,35036
0,0,0,35046.1
0,0,0,35056.1
0,0,0,35066.1
0,0,0,35076.1
0,0,0,35086.1
0,0,0,35096.2
0,0,0,35106.2
0,0,0,35116.2
0,0,0,35126.2
0,0,0,35136.3
0,0,0,35146.3
0,0,0,35156.3
0,0,0,35166.3
0,0,0,35176.3
0,0,0,35186.4
0,0,0,35196.4
0,0,0,35206.4
0,0,0,35216.4
0,0,0,35226.5
0,0,0,35236.5
0,0,0,35246.5
0,0,0,35256.5
0,0,0,35266.5
0,0,0,35276.6
0,0,0,35286.6
0,0,0,35296.6
0,0,0,35306.6
0,0,0,35316.7
0,0,0,35326.7
0,0,0,35336.7
0,0,0,35346.7
0,0,0,35356.8
0,0,0,35366.8
0,0,0,35376.8
0,0,0,35386.8
0,0,0,35396.8
0,0,0,35406.9
0,0,0,35416.9
0,0,0,35426.9
0,0,0,35436.9
0,0,0,35447
0,0,0,35457
0,0,0,35467
0,0,0,35477
0,0,0,35487
0,0,0,35497.1
0,0,0,35507.1
0,0,0,35517.1
0,0,0,35527.1
0,0,0,35537.2
0,0,0,35547.2
0,0,0,35557.2
0,0,0,35567.2
0,0,0,35577.2
0,0,0,35587.3
0,0,0,35597.3
0,0,0,35607.3
0,0,0,35617.3
0,0,0,35627.4
0,0,0,35637.4
0,0,0,35647.4
0,0,0,35657.4
0,0,0,35667.5
0,0,0,35677.5
0,0,0,35687.5
0,0,0,35697.5
0,0,0,35707.5
0,0,0,35717.6
0,0,0,35727.6
0,0,0,35737.6
0,0,0,35747.6
0,0,0,35757.7
0,0,0,35767.7
0,0,0,35777.7
0,0,0,35787.7
0,0,0,35797.7
0,0,0,35807.8
0,0,0,35817.8
0,0,0,35827.8
0,0,0,35837.8
0,0,0,35847.9
0,0,0,35857.9
0,0,0,35867.9
0,0,0,35877.9
0,0,0,35887.9
0,0,0,35898
0,0,0,35908
0,0,0,35918
0,0,0,35928
0,0,0,35938.1
0,0,0,35948.1
0,0,0,35958.1
0,0,0,35968.1
0,0,0,35978.1
0,0,0,35988.2
0,0,0,35998.2
0,0,0,36008.2
0,0,0,36018.2
0,0,0,36028.3
0,0,0,36038.3
0,0,0,36048.3
0,0,0,36058.3
0,0,0,36068.4
0,0,0,36078.4
0,0,0,36088.4
0,0,0,36098.4
0,0,0,36108.4
0,0,0,36118.5
0,0,0,36128.5
0,0,0,36138.5
0,0,0,36148.5
0,0,0,36158.6
0,0,0,36168.6
0,0,0,36178.6
0,0,0,36188.6
0,0,0,36198.6
0,0,0,36208.7
0,0,0,36218.7
0,0,0,36228.7
0,0,0,36238.7
0,0,0,36248.8
0,0,0,36258.8
0,0,0,36268.8
0,0,0,36278.8
0,0,0,36288.9
0,0,0,36298.9
0,0,0,36308.9
0,0,0,36318.9
0,0,0,36328.9
0,0,0,36339
0,0,0,36349
0,0,0,36359
0,0,0,36369
0,0,0,36379.1
0,0,0,36389.1
0,0,0,36399.1
0,0,0,36409.1
0,0,0,36419.1
0,0,0,36429.2
0,0,0,36439.2
0,0,0,36449.2
0,0,0,36459.2
0,0,0,36469.3
0,0,0,36479.3
0,0,0,36489.3
0,0,0,36499.3
0,0,0,36509.3
0,0,0,36519.4
0,0,0,36529.4
0,0,0,36539.4
0,0,0,36549.4
0,0,0,36559.5
0,0,0,36569.5
0,0,0,36579.5
0,0,0,36589.5
0,0,0,36599.5
0,0,0,36609.6
0,0,0,36619.6
0,0,0,36629.6
0,0,0,36639.6
0,0,0,36649.7
0,0,0,36659.7
0,0,0,36669.7
0,0,0,36679.7
0,0,0,36689.7
0,0,0,36699.8
0,0,0,36709.8
0,0,0,36719.8
0,0,0,36729.8
0,0,0,36739.9
0,0,0,36749.9
0,0,0,36759.9
0,0,0,36769.9
0,0,0,36780
0,0,0,36790
0,0,0,36800
0,0,0,36810
0,0,0,36820
0,0,0,36830.1
0,0,0,36840.1
0,0,0,36850.1
0,0,0,36860.1
0,0,0,36870.2
0,0,0,36880.2
0,0,0,36890.2
0,0,0,36900.2
0,0,0,36910.2
0,0,0,36920.3
0,0,0,36930.3
0,0,0,36940.3
0,0,0,36950.3
0,0,0,36960.4
0,0,0,36970.4
0,0,0,36980.4
0,0,0,36990.4
0,0,0,37000.5
0,0,0,37010.5
0,0,0,37020.5
0,0,0,37030.5
0,0,0,37040.5
0,0,0,37050.6
0,0,0,37060.6
0,0,0,37070.6
0,0,0,37080.6
0,0,0,37090.6
0,0,0,37100.7
0,0,0,37110.7
0,0,0,37120.7
0,0,0,37130.7
0,0,0,37140.8
0,0,0,37150.8
0,0,0,37160.8
0,0,0,37170.8
0,0,0,37180.9
0,0,0,37190.9
0,0,0,37200.9
0,0,0,37210.9
0,0,0,37220.9
0,0,0,37231
0,0,0,37241
0,0,0,37251
0,0,0,37261
0,0,0,37271
0,0,0,37281.1
0,0,0,37291.1
0,0,0,37301.1
0,0,0,37311.1
0,0,0,37321.2
0,0,0,37331.2
0,0,0,37341.2
0,0,0,37351.2
0,0,0,37361.2
0,0,0,37371.3
0,0,0,37381.3
0,0,0,37391.3
0,0,0,37401.3
0,0,0,37411.4
0,0,0,37421.4
0,0,0,37431.4
0,0,0,37441.4
0,0,0,37451.5
0,0,0,37461.5
0,0,0,37471.5
0,0,0,37481.5
0,0,0,37491.5
0,0,0,37501.6
0,0,0,37511.6
0,0,0,37521.6
0,0,0,37531.6
0,0,0,37541.7
0,0,0,37551.7
0,0,0,37561.7
0,0,0,37571.7
0,0,0,37581.7
0,0,0,37591.8
0,0,0,37601.8
0,0,0,37611.8
0,0,0,37621.8
0,0,0,37631.9
0,0,0,37641.9
0,0,0,37651.9
0,0,0,37661.9
0,0,0,37671.9
0,0,0,37682
0,0,0,37692
0,0,0,37702
0,0,0,37712
0,0,0,37722.1
0,0,0,37732.1
0,0,0,37742.1
0,0,0,37752.1
0,0,0,37762.1
0,0,0,37772.2
0,0,0,37782.2
0,0,0,37792.2
0,0,0,37802.2
0,0,0,37812.3
0,0,0,37822.3
0,0,0,37832.3
0,0,0,37842.3
0,0,0,37852.3
0,0,0,37862.4
0,0,0,37872.4
0,0,0,37882.4
0,0,0,37892.4
0,0,0,37902.5
0,0,0,37912.5
0,0,0,37922.5
0,0,0,37932.5
0,0,0,37942.5
0,0,0,37952.6
0,0,0,37962.6
0,0,0,37972.6
0,0,0,37982.6
0,0,0,37992.7
0,0,0,38002.7
0,0,0,38012.7
0,0,0,38022.7
0,0,0,38032.7
0,0,0,38042.8
0,0,0,38052.8
0,0,0,38062.8
0,0,0,38072.8
0,0,0,38082.9
0,0,0,38092.9
0,0,0,38102.9
0,0,0,38112.9
0,0,0,38122.9
0,0,0,38133
0,0,0,38143
0,0,0,38153
0,0,0,38163
0,0,0,38173.1
0,0,0,38183.1
0,0,0,38193.1
0,0,0,38203.1
0,0,0,38213.1
0,0,0,38223.2
0,0,0,38233.2
0,0,0,38243.2
0,0,0,38253.2
0,0,0,38263.3
0,0,0,38273.3
0,0,0,38283.3
0,0,0,38293.3
0,0,0,38303.4
0,0,0,38313.4
0,0,0,38323.4
0,0,0,38333.4
0,0,0,38343.4
0,0,0,38353.5
0,0,0,38363.5
0,0,0,38373.5
0,0,0,38383.5
0,0,0,38393.5
0,0,0,38403.6
0,0,0,38413.6
0,0,0,38423.6
0,0,0,38433.6
0,0,0,38443.7
0,0,0,38453.7
0,0,0,38463.7
0,0,0,38473.7
0,0,0,38483.7
0,0,0,38493.8
0,0,0,38503.8
0,0,0,38513.8
0,0,0,38523.8
0,0,0,38533.9
0,0,0,38543.9
0,0,0,38553.9
0,0,0,38563.9
0,0,0,38574
0,0,0,38584
0,0,0,38594
0,0,0,38604
0,0,0,38614
0,0,0,38624.1
0,0,0,38634.1
0,0,0,38644.1
0,0,0,38654.1
0,0,0,38664.2
0,0,0,38674.2
0,0,0,38684.2
0,0,0,38694.2
0,0,0,38704.2
0,0,0,38714.3
0,0,0,38724.3
0,0,0,38734.3
0,0,0,38744.3
0,0,0,38754.4
0,0,0,38764.4
0,0,0,38774.4
0,0,0,38784.4
0,0,0,38794.4
0,0,0,38804.5
0,0,0,38814.5
0,0,0,38824.5
0,0,0,38834.5
0,0,0,38844.6
0,0,0,38854.6
0,0,0,38864.6
0,0,0,38874.6
0,0,0,38884.6
0,0,0,38894.7
0,0,0,38904.7
0,0,0,38914.7
0,0,0,38924.7
0,0,0,38934.8
0,0,0,38944.8
0,0,0,38954.8
0,0,0,38964.8
0,0,0,38974.9
0,0,0,38984.9
0,0,0,38994.9
0,0,0,39004.9
0,0,0,39014.9
0,0,0,39025
0,0,0,39035
0,0,0,39045
0,0,0,39055
0,0,0,39065
0,0,0,39075.1
0,0,0,39085.1
0,0,0,39095.1
0,0,0,39105.1
0,0,0,39115.2
0,0,0,39125.2
0,0,0,39135.2
0,0,0,39145.2
0,0,0,39155.3
0,0,0,39165.3
0,0,0,39175.3
0,0,0,39185.3
0,0,0,39195.3
0,0,0,39205.4
0,0,0,39215.4
0,0,0,39225.4
0,0,0,39235.4
0,0,0,39245.5
0,0,0,39255.5
0,0,0,39265.5
0,0,0,39275.5
0,0,0,39285.5
0,0,0,39295.6
0,0,0,39305.6
0,0,0,39315.6
0,0,0,39325.6
0,0,0,39335.7
0,0,0,39345.7
0,0,0,39355.7
0,0,0,39365.7
0,0,0,39375.7
0,0,0,39385.8
0,0,0,39395.8
0,0,0,39405.8
0,0,0,39415.8
0,0,0,39425.9
0,0,0,39435.9
0,0,0,39445.9
0,0,0,39455.9
0,0,0,39466
0,0,0,39476
0,0,0,39486
0,0,0,39496
0,0,0,39506
0,0,0,39516.1
0,0,0,39526.1
0,0,0,39536.1
0,0,0,39546.1
0,0,0,39556.2
0,0,0,39566.2
0,0,0,39576.2
0,0,0,39586.2
0,0,0,39596.2
0,0,0,39606.3
0,0,0,39616.3
0,0,0,39626.3
0,0,0,39636.3
0,0,0,39646.4
0,0,0,39656.4
0,0,0,39666.4
0,0,0,39676.4
0,0,0,39686.5
0,0,0,39696.5
0,0,0,39706.5
0,0,0,39716.5
0,0,0,39726.5
0,0,0,39736.6
0,0,0,39746.6
0,0,0,39756.6
0,0,0,39766.6
0,0,0,39776.7
0,0,0,39786.7
0,0,0,39796.7
0,0,0,39806.7
0,0,0,39816.7
0,0,0,39826.8
0,0,0,39836.8
0,0,0,39846.8
0,0,0,39856.8
0,0,0,39866.9
0,0,0,39876.9
0,0,0,39886.9
0,0,0,39896.9
0,0,0,39906.9
0,0,0,39917
0,0,0,39927
0,0,0,39937
0,0,0,39947
0,0,0,39957.1
0,0,0,39967.1
0,0,0,39977.1
0,0,0,39987.1
0,0,0,39997.1
0,0,0,40007.2
0,0,0,40017.2
0,0,0,40027.2
0,0,0,40037.2
0,0,0,40047.3
0,0,0,40057.3
0,0,0,40067.3
0,0,0,40077.3
0,0,0,40087.4
0,0,0,40097.4
0,0,0,40107.4
0,0,0,40117.4
0,0,0,40127.4
0,0,0,40137.5
0,0,0,40147.5
0,0,0,40157.5
0,0,0,40167.5
0,0,0,40177.6
0,0,0,40187.6
0,0,0,40197.6
0,0,0,40207.6
0,0,0,40217.6
0,0,0,40227.7
0,0,0,40237.7
0,0,0,40247.7
0,0,0,40257.7
0,0,0,40267.8
0,0,0,40277.8
0,0,0,40287.8
0,0,0,40297.8
0,0,0,40307.8
0,0,0,40317.9
0,0,0,40327.9
0,0,0,40337.9
0,0,0,40347.9
0,0,0,40358
0,0,0,40368
0,0,0,40378
0,0,0,40388
0,0,0,40398.1
0,0,0,40408.1
0,0,0,40418.1
0,0,0,40428.1
0,0,0,40438.1
0,0,0,40448.2
0,0,0,40458.2
0,0,0,40468.2
0,0,0,40478.2
0,0,0,40488.3
0,0,0,40498.3
0,0,0,40508.3
0,0,0,40518.3
0,0,0,40528.3
0,0,0,40538.4
0,0,0,40548.4
0,0,0,40558.4
0,0,0,40568.4
0,0,0,40578.5
0,0,0,40588.5
0,0,0,40598.5
0,0,0,40608.5
0,0,0,40618.5
0,0,0,40628.6
0,0,0,40638.6
0,0,0,40648.6
0,0,0,40658.6
0,0,0,40668.7
0,0,0,40678.7
0,0,0,40688.7
0,0,0,40698.7
0,0,0,40708.8
0,0,0,40718.8
0,0,0,40728.8
0,0,0,40738.8
0,0,0,40748.8
0,0,0,40758.9
0,0,0,40768.9
0,0,0,40778.9
0,0,0,40788.9
0,0,0,40799
0,0,0,40809
0,0,0,40819
0,0,0,40829
0,0,0,40839
0,0,0,40849.1
0,0,0,40859.1
0,0,0,40869.1
0,0,0,40879.1
0,0,0,40889.2
0,0,0,40899.2
0,0,0,40909.2
0,0,0,40919.2
0,0,0,40929.2
0,0,0,40939.3
0,0,0,40949.3
0,0,0,40959.3
0,0,0,40969.3
0,0,0,40979.4
0,0,0,40989.4
0,0,0,40999.4
0,0,0,41009.4
0,0,0,41019.5
0,0,0,41029.5
0,0,0,41039.5
0,0,0,41049.5
0,0,0,41059.5
0,0,0,41069.6
0,0,0,41079.6
0,0,0,41089.6
0,0,0,41099.6
0,0,0,41109.7
0,0,0,41119.7
0,0,0,41129.7
0,0,0,41139.7
0,0,0,41149.7
0,0,0,41159.8
0,0,0,41169.8
0,0,0,41179.8
0,0,0,41189.8
0,0,0,41199.9
0,0,0,41209.9
0,0,0,41219.9
0,0,0,41229.9
0,0,0,41239.9
0,0,0,41250
0,0,0,41260
0,0,0,41270
0,0,0,41280
0,0,0,41290.1
0,0,0,41300.1
0,0,0,41310.1
0,0,0,41320.1
0,0,0,41330.1
0,0,0,41340.2
0,0,0,41350.2
0,0,0,41360.2
0,0,0,41370.2
0,0,0,41380.3
0,0,0,41390.3
0,0,0,41400.3
0,0,0,41410.3
0,0,0,41420.3
0,0,0,41430.4
0,0,0,41440.4
0,0,0,41450.4
0,0,0,41460.4
0,0,0,41470.5
0,0,0,41480.5
0,0,0,41490.5
0,0,0,41500.5
0,0,0,41510.5
0,0,0,41520.6
0,0,0,41530.6
0,0,0,41540.6
0,0,0,41550.6
0,0,0,41560.7
0,0,0,41570.7
0,0,0,41580.7
0,0,0,41590.7
0,0,0,41600.8
0,0,0,41610.8
0,0,0,41620.8
0,0,0,41630.8
0,0,0,41640.8
0,0,0,41650.9
0,0,0,41660.9
0,0,0,41670.9
0,0,0,41680.9
0,0,0,41691
0,0,0,41701
0,0,0,41711
0,0,0,41721
0,0,0,41731
0,0,0,41741.1
0,0,0,41751.1
0,0,0,41761.1
0,0,0,41771.1
0,0,0,41781.2
0,0,0,41791.2
0,0,0,41801.2
0,0,0,41811.2
0,0,0,41821.2
0,0,0,41831.3
0,0,0,41841.3
0,0,0,41851.3
0,0,0,41861.3
0,0,0,41871.4
0,0,0,41881.4
0,0,0,41891.4
0,0,0,41901.4
0,0,0,41911.5
0,0,0,41921.5
0,0,0,41931.5
0,0,0,41941.5
0,0,0,41951.5
0,0,0,41961.6
0,0,0,41971.6
0,0,0,41981.6
0,0,0,41991.6
0,0,0,42001.7
0,0,0,42011.7
0,0,0,42021.7
0,0,0,42031.7
0,0,0,42041.7
0,0,0,42051.8
0,0,0,42061.8
0,0,0,42071.8
0,0,0,42081.8
0,0,0,42091.9
0,0,0,42101.9
0,0,0,42111.9
0,0,0,42121.9
0,0,0,42131.9
0,0,0,42142
0,0,0,42152
0,0,0,42162
0,0,0,42172
0,0,0,42182.1
0,0,0,42192.1
0,0,0,42202.1
0,0,0,42212.1
0,0,0,42222.2
0,0,0,42232.2
0,0,0,42242.2
0,0,0,42252.2
0,0,0,42262.2
0,0,0,42272.3
0,0,0,42282.3
0,0,0,42292.3
0,0,0,42302.3
0,0,0,42312.4
0,0,0,42322.4
0,0,0,42332.4
0,0,0,42342.4
0,0,0,42352.4
0,0,0,42362.5
0,0,0,42372.5
0,0,0,42382.5
0,0,0,42392.5
0,0,0,42402.6
0,0,0,42412.6
0,0,0,42422.6
0,0,0,42432.6
0,0,0,42442.6
0,0,0,42452.7
0,0,0,42462.7
0,0,0,42472.7
0,0,0,42482.7
0,0,0,42492.8
0,0,0,42502.8
0,0,0,42512.8
0,0,0,42522.8
0,0,0,42532.8
0,0,0,42542.9
0,0,0,42552.9
0,0,0,42562.9
0,0,0,42572.9
0,0,0,42583
0,0,0,42593
0,0,0,42603
0,0,0,42613
0,0,0,42623
0,0,0,42633.1
0,0,0,42643.1
0,0,0,42653.1
0,0,0,42663.1
0,0,0,42673.2
0,0,0,42683.2
0,0,0,42693.2
0,0,0,42703.2
0,0,0,42713.2
0,0,0,42723.3
0,0,0,42733.3
0,0,0,42743.3
0,0,0,42753.3
0,0,0,42763.4
0,0,0,42773.4
0,0,0,42783.4
0,0,0,42793.4
0,0,0,42803.5
0,0,0,42813.5
0,0,0,42823.5
0,0,0,42833.5
0,0,0,42843.5
0,0,0,42853.6
0,0,0,42863.6
0,0,0,42873.6
0,0,0,42883.6
0,0,0,42893.7
0,0,0,42903.7
0,0,0,42913.7
0,0,0,42923.7
0,0,0,42933.7
0,0,0,42943.8
0,0,0,42953.8
0,0,0,42963.8
0,0,0,42973.8
0,0,0,42983.9
0,0,0,42993.9
0,0,0,43003.9
0,0,0,43013.9
0,0,0,43023.9
0,0,0,43034
0,0,0,43044
0,0,0,43054
0,0,0,43064
0,0,0,43074.1
0,0,0,43084.1
0,0,0,43094.1
0,0,0,43104.1
0,0,0,43114.1
0,0,0,43124.2
0,0,0,43134.2
0,0,0,43144.2
0,0,0,43154.2
0,0,0,43164.3
0,0,0,43174.3
0,0,0,43184.3
0,0,0,43194.3
0,0,0,43204.3
0,0,0,43214.4
0,0,0,43224.4
0,0,0,43234.4
0,0,0,43244.4
0,0,0,43254.5
0,0,0,43264.5
0,0,0,43274.5
0,0,0,43284.5
0,0,0,43294.5
0,0,0,43304.6
0,0,0,43314.6
0,0,0,43324.6
0,0,0,43334.6
0,0,0,43344.6
0,0,0,43354.7
0,0,0,43364.7
0,0,0,43374.7
0,0,0,43384.7
0,0,0,43394.8
0,0,0,43404.8
0,0,0,43414.8
0,0,0,43424.8
0,0,0,43434.8
0,0,0,43444.9
0,0,0,43454.9
0,0,0,43464.9
0,0,0,43474.9
0,0,0,43485
0,0,0,43495
0,0,0,43505
0,0,0,43515
0,0,0,43525.1
0,0,0,43535.1
0,0,0,43545.1
0,0,0,43555.1
0,0,0,43565.1
0,0,0,43575.2
0,0,0,43585.2
0,0,0,43595.2
0,0,0,43605.2
0,0,0,43615.3
0,0,0,43625.3
0,0,0,43635.3
0,0,0,43645.3
0,0,0,43655.3
0,0,0,43665.4
0,0,0,43675.4
0,0,0,43685.4
0,0,0,43695.4
0,0,0,43705.5
0,0,0,43715.5
0,0,0,43725.5
0,0,0,43735.5
0,0,0,43745.5
0,0,0,43755.6
0,0,0,43765.6
0,0,0,43775.6
0,0,0,43785.6
0,0,0,43795.7
0,0,0,43805.7
0,0,0,43815.7
0,0,0,43825.7
0,0,0,43835.7
0,0,0,43845.8
0,0,0,43855.8
0,0,0,43865.8
0,0,0,43875.8
0,0,0,43885.9
0,0,0,43895.9
0,0,0,43905.9
0,0,0,43915.9
0,0,0,43926
0,0,0,43936
0,0,0,43946
0,0,0,43956
0,0,0,43966
0,0,0,43976.1
0,0,0,43986.1
0,0,0,43996.1
0,0,0,44006.1
0,0,0,44016.2
0,0,0,44026.2
0,0,0,44036.2
0,0,0,44046.2
0,0,0,44056.2
0,0,0,44066.3
0,0,0,44076.3
0,0,0,44086.3
0,0,0,44096.3
0,0,0,44106.4
0,0,0,44116.4
0,0,0,44126.4
0,0,0,44136.4
0,0,0,44146.4
0,0,0,44156.5
0,0,0,44166.5
0,0,0,44176.5
0,0,0,44186.5
0,0,0,44196.6
0,0,0,44206.6
0,0,0,44216.6
0,0,0,44226.6
0,0,0,44236.6
0,0,0,44246.7
0,0,0,44256.7
0,0,0,44266.7
0,0,0,44276.7
0,0,0,44286.8
0,0,0,44296.8
0,0,0,44306.8
0,0,0,44316.8
0,0,0,44326.8
0,0,0,44336.9
0,0,0,44346.9
0,0,0,44356.9
0,0,0,44366.9
0,0,0,44377
0,0,0,44387
0,0,0,44397
0,0,0,44407
0,0,0,44417
0,0,0,44427.1
0,0,0,44437.1
0,0,0,44447.1
0,0,0,44457.1
0,0,0,44467.2
0,0,0,44477.2
0,0,0,44487.2
0,0,0,44497.2
0,0,0,44507.3
0,0,0,44517.3
0,0,0,44527.3
0,0,0,44537.3
0,0,0,44547.3
0,0,0,44557.4
0,0,0,44567.4
0,0,0,44577.4
0,0,0,44587.4
0,0,0,44597.5
0,0,0,44607.5
0,0,0,44617.5
0,0,0,44627.5
0,0,0,44637.5
0,0,0,44647.6
0,0,0,44657.6
0,0,0,44667.6
0,0,0,44677.6
0,0,0,44687.7
0,0,0,44697.7
0,0,0,44707.7
0,0,0,44717.7
0,0,0,44727.7
0,0,0,44737.8
0,0,0,44747.8
0,0,0,44757.8
0,0,0,44767.8
0,0,0,44777.9
0,0,0,44787.9
0,0,0,44797.9
0,0,0,44807.9
0,0,0,44818
0,0,0,44828
0,0,0,44838
0,0,0,44848
0,0,0,44858
0,0,0,44868.1
0,0,0,44878.1
0,0,0,44888.1
0,0,0,44898.1
0,0,0,44908.2
0,0,0,44918.2
0,0,0,44928.2
0,0,0,44938.2
0,0,0,44948.2
0,0,0,44958.3
0,0,0,44968.3
0,0,0,44978.3
0,0,0,44988.3
0,0,0,44998.4
0,0,0,45008.4
0,0,0,45018.4
0,0,0,45028.4
0,0,0,45038.4
0,0,0,45048.5
0,0,0,45058.5
0,0,0,45068.5
0,0,0,45078.5
0,0,0,45088.6
0,0,0,45098.6
0,0,0,45108.6
0,0,0,45118.6
0,0,0,45128.7
0,0,0,45138.7
0,0,0,45148.7
0,0,0,45158.7
0,0,0,45168.7
0,0,0,45178.8
0,0,0,45188.8
0,0,0,45198.8
0,0,0,45208.8
0,0,0,45218.9
0,0,0,45228.9
0,0,0,45238.9
0,0,0,45248.9
0,0,0,45259
0,0,0,45269
0,0,0,45279
0,0,0,45289
0,0,0,45299
0,0,0,45309.1
0,0,0,45319.1
0,0,0,45329.1
0,0,0,45339.1
0,0,0,45349.2
0,0,0,45359.2
0,0,0,45369.2
0,0,0,45379.2
0,0,0,45389.2
0,0,0,45399.3
0,0,0,45409.3
0,0,0,45419.3
0,0,0,45429.3
0,0,0,45439.4
0,0,0,45449.4
0,0,0,45459.4
0,0,0,45469.4
0,0,0,45479.4
0,0,0,45489.5
0,0,0,45499.5
0,0,0,45509.5
0,0,0,45519.5
0,0,0,45529.6
0,0,0,45539.6
0,0,0,45549.6
0,0,0,45559.6
0,0,0,45569.6
0,0,0,45579.7
0,0,0,45589.7
0,0,0,45599.7
0,0,0,45609.7
0,0,0,45619.8
0,0,0,45629.8
0,0,0,45639.8
0,0,0,45649.8
0,0,0,45659.9
0,0,0,45669.9
0,0,0,45679.9
0,0,0,45689.9
0,0,0,45699.9
0,0,0,45710
0,0,0,45720
0,0,0,45730
0,0,0,45740
0,0,0,45750.1
0,0,0,45760.1
0,0,0,45770.1
0,0,0,45780.1
0,0,0,45790.1
0,0,0,45800.2
0,0,0,45810.2
0,0,0,45820.2
0,0,0,45830.2
0,0,0,45840.3
0,0,0,45850.3
0,0,0,45860.3
0,0,0,45870.3
0,0,0,45880.3
0,0,0,45890.4
0,0,0,45900.4
0,0,0,45910.4
0,0,0,45920.4
0,0,0,45930.5
0,0,0,45940.5
0,0,0,45950.5
0,0,0,45960.5
0,0,0,45970.6
0,0,0,45980.6
0,0,0,45990.6
0,0,0,46000.6
0,0,0,46010.6
0,0,0,46020.7
0,0,0,46030.7
0,0,0,46040.7
0,0,0,46050.7
0,0,0,46060.8
0,0,0,46070.8
0,0,0,46080.8
0,0,0,46090.8
0,0,0,46100.8
0,0,0,46110.9
0,0,0,46120.9
0,0,0,46130.9
0,0,0,46140.9
0,0,0,46151
0,0,0,46161
0,0,0,46171
0,0,0,46181
0,0,0,46191
0,0,0,46201.1
0,0,0,46211.1
0,0,0,46221.1
0,0,0,46231.1
0,0,0,46241.2
0,0,0,46251.2
0,0,0,46261.2
0,0,0,46271.2
0,0,0,46281.2
0,0,0,46291.3
0,0,0,46301.3
0,0,0,46311.3
0,0,0,46321.3
0,0,0,46331.4
0,0,0,46341.4
0,0,0,46351.4
0,0,0,46361.4
0,0,0,46371.4
0,0,0,46381.5
0,0,0,46391.5
0,0,0,46401.5
0,0,0,46411.5
0,0,0,46421.6
0,0,0,46431.6
0,0,0,46441.6
0,0,0,46451.6
0,0,0,46461.7
0,0,0,46471.7
0,0,0,46481.7
0,0,0,46491.7
0,0,0,46501.7
0,0,0,46511.8
0,0,0,46521.8
0,0,0,46531.8
0,0,0,46541.8
0,0,0,46551.9
0,0,0,46561.9
0,0,0,46571.9
0,0,0,46581.9
0,0,0,46591.9
0,0,0,46602
0,0,0,46612
0,0,0,46622
0,0,0,46632
0,0,0,46642.1
0,0,0,46652.1
0,0,0,46662.1
0,0,0,46672.1
0,0,0,46682.2
0,0,0,46692.2
0,0,0,46702.2
0,0,0,46712.2
0,0,0,46722.2
0,0,0,46732.3
0,0,0,46742.3
0,0,0,46752.3
0,0,0,46762.3
0,0,0,46772.4
0,0,0,46782.4
0,0,0,46792.4
0,0,0,46802.4
0,0,0,46812.4
0,0,0,46822.5
0,0,0,46832.5
0,0,0,46842.5
0,0,0,46852.5
0,0,0,46862.6
0,0,0,46872.6
0,0,0,46882.6
0,0,0,46892.6
0,0,0,46902.7
0,0,0,46912.7
0,0,0,46922.7
0,0,0,46932.7
0,0,0,46942.7
0,0,0,46952.8
0,0,0,46962.8
0,0,0,46972.8
0,0,0,46982.8
0,0,0,46992.9
0,0,0,47002.9
0,0,0,47012.9
0,0,0,47022.9
0,0,0,47032.9
0,0,0,47043
0,0,0,47053
0,0,0,47063
0,0,0,47073
0,0,0,47083.1
0,0,0,47093.1
0,0,0,47103.1
0,0,0,47113.1
0,0,0,47123.2
0,0,0,47133.2
0,0,0,47143.2
0,0,0,47153.2
0,0,0,47163.2
0,0,0,47173.3
0,0,0,47183.3
0,0,0,47193.3
0,0,0,47203.3
0,0,0,47213.4
0,0,0,47223.4
0,0,0,47233.4
0,0,0,47243.4
0,0,0,47253.5
0,0,0,47263.5
0,0,0,47273.5
0,0,0,47283.5
0,0,0,47293.5
0,0,0,47303.6
0,0,0,47313.6
0,0,0,47323.6
0,0,0,47333.6
0,0,0,47343.6
0,0,0,47353.7
0,0,0,47363.7
0,0,0,47373.7
0,0,0,47383.7
0,0,0,47393.8
0,0,0,47403.8
0,0,0,47413.8
0,0,0,47423.8
0,0,0,47433.8
0,0,0,47443.9
0,0,0,47453.9
0,0,0,47463.9
0,0,0,47473.9
0,0,0,47484
0,0,0,47494
0,0,0,47504
0,0,0,47514
0,0,0,47524.1
0,0,0,47534.1
0,0,0,47544.1
0,0,0,47554.1
0,0,0,47564.1
0,0,0,47574.2
0,0,0,47584.2
0,0,0,47594.2
0,0,0,47604.2
0,0,0,47614.3
0,0,0,47624.3
0,0,0,47634.3
0,0,0,47644.3
0,0,0,47654.3
0,0,0,47664.4
0,0,0,47674.4
0,0,0,47684.4
0,0,0,47694.4
0,0,0,47704.5
0,0,0,47714.5
0,0,0,47724.5
0,0,0,47734.5
0,0,0,47744.5
0,0,0,47754.6
0,0,0,47764.6
0,0,0,47774.6
0,0,0,47784.6
0,0,0,47794.7
0,0,0,47804.7
0,0,0,47814.7
0,0,0,47824.7
0,0,0,47834.8
0,0,0,47844.8
0,0,0,47854.8
0,0,0,47864.8
0,0,0,47874.8
0,0,0,47884.9
0,0,0,47894.9
0,0,0,47904.9
0,0,0,47914.9
0,0,0,47925
0,0,0,47935
0,0,0,47945
0,0,0,47955
0,0,0,47965.1
0,0,0,47975.1
0,0,0,47985.1
0,0,0,47995.1
0,0,0,48005.1
0,0,0,48015.2
0,0,0,48025.2
0,0,0,48035.2
0,0,0,48045.2
0,0,0,48055.3
0,0,0,48065.3
0,0,0,48075.3
0,0,0,48085.3
0,0,0,48095.3
0,0,0,48105.4
0,0,0,48115.4
0,0,0,48125.4
0,0,0,48135.4
0,0,0,48145.5
0,0,0,48155.5
0,0,0,48165.5
0,0,0,48175.5
0,0,0,48185.6
0,0,0,48195.6
0,0,0,48205.6
0,0,0,48215.6
0,0,0,48225.6
0,0,0,48235.7
0,0,0,48245.7
0,0,0,48255.7
0,0,0,48265.7
0,0,0,48275.8
0,0,0,48285.8
0,0,0,48295.8
0,0,0,48305.8
0,0,0,48315.8
0,0,0,48325.9
0,0,0,48335.9
0,0,0,48345.9
0,0,0,48355.9
0,0,0,48366
0,0,0,48376
0,0,0,48386
0,0,0,48396
0,0,0,48406.1
0,0,0,48416.1
0,0,0,48426.1
0,0,0,48436.1
0,0,0,48446.1
0,0,0,48456.2
0,0,0,48466.2
0,0,0,48476.2
0,0,0,48486.2
0,0,0,48496.3
0,0,0,48506.3
0,0,0,48516.3
0,0,0,48526.3
0,0,0,48536.4
0,0,0,48546.4
0,0,0,48556.4
0,0,0,48566.4
0,0,0,48576.4
0,0,0,48586.5
0,0,0,48596.5
0,0,0,48606.5
0,0,0,48616.5
0,0,0,48626.6
0,0,0,48636.6
0,0,0,48646.6
0,0,0,48656.6
0,0,0,48666.6
0,0,0,48676.7
0,0,0,48686.7
0,0,0,48696.7
0,0,0,48706.7
0,0,0,48716.8
0,0,0,48726.8
0,0,1,48736.8
1,0,2,48746.9
24,15,22,48756.9
27,18,47,48766.9
14,20,26,48776.9
72,44,87,48787
116,90,134,48797
119,72,154,48807
69,55,78,48817
29,25,36,48827.1
4,3,6,48837.1
30,55,23,48847.2
80,158,103,48857.2
82,192,137,48867.2
73,176,133,48877.3
91,165,123,48887.3
89,158,122,48897.3
85,162,124,48907.4
94,185,106,48917.4
92,153,124,48927.4
87,178,104,48937.5
101,164,131,48947.5
98,169,129,48957.5
69,150,129,48967.6
90,167,123,48977.6
98,166,122,48987.7
78,165,111,48997.7
79,150,136,49007.7
86,160,109,49017.8
80,150,142,49027.8
90,168,123,49037.8
78,174,111,49047.9
79,161,129,49057.9
82,164,122,49067.9
70,141,113,49078
82,167,118,49088
76,153,114,49098
110,153,114,49108.1
66,171,122,49118.1
78,161,123,49128.1
71,139,111,49138.2
69,138,118,49148.2
88,166,127,49158.2
88,156,115,49168.3
72,169,111,49178.3
83,193,146,49188.3
85,160,115,49198.4
78,142,102,49208.4
84,151,109,49218.4
84,128,133,49228.5
84,163,96,49238.5
88,164,121,49248.5
86,145,129,49258.6
86,155,121,49268.6
67,167,126,49278.6
66,134,112,49288.7
91,160,110,49298.7
81,153,113,49308.7
75,140,131,49318.8
80,169,130,49328.8
71,146,116,49338.8
76,158,104,49348.9
78,153,113,49358.9
75,162,142,49368.9
84,159,110,49379
88,142,117,49389
77,173,117,49399
75,158,110,49409.1
82,141,116,49419.1
84,137,115,49429.1
84,144,121,49439.2
96,160,137,49449.2
90,175,127,49459.2
71,174,110,49469.3
94,139,114,49479.3
96,168,118,49489.3
67,129,111,49499.4
80,152,116,49509.4
78,156,112,49519.5
75,144,103,49529.5
74,160,100,49539.5
90,127,117,49549.6
84,127,122,49559.6
80,150,120,49569.6
83,142,125,49579.7
83,137,99,49589.7
76,150,112,49599.7
69,148,118,49609.8
95,153,97,49619.8
76,132,116,49629.8
75,129,120,49639.9
85,159,117,49649.9
92,146,128,49659.9
76,197,94,49670
80,153,114,49680
81,156,117,49690
73,153,108,49700.1
66,156,113,49710.1
76,143,100,49720.1
82,133,133,49730.2
91,173,113,49740.2
80,160,120,49750.2
71,140,115,49760.3
82,147,101,49770.3
82,141,103,49780.4
98,155,114,49790.4
96,157,136,49800.4
70,169,99,49810.5
85,173,118,49820.5
74,160,101,49830.5
82,157,110,49840.6
89,164,125,49850.6
80,163,110,49860.6
69,171,122,49870.7
86,141,121,49880.7
72,157,123,49890.7
82,128,98,49900.8
78,151,125,49910.8
70,151,131,49920.8
73,149,111,49930.9
87,133,106,49940.9
78,159,115,49950.9
82,146,110,49961
91,130,105,49971
97,147,137,49981
85,161,116,49991.1
71,160,109,50001.1
76,154,104,50011.1
78,176,131,50021.2
82,164,108,50031.2
78,154,109,50041.2
97,162,105,50051.3
77,146,115,50061.3
76,139,105,50071.4
76,145,128,50081.4
80,136,126,50091.4
81,149,111,50101.5
94,128,114,50111.5
96,162,111,50121.5
57,149,92,50131.6
90,140,112,50141.6
76,162,84,50151.6
80,173,120,50161.7
82,146,123,50171.7
75,128,105,50181.7
94,142,93,50191.8
65,151,95,50201.8
62,178,88,50211.8
82,138,112,50221.9
76,147,97,50231.9
75,125,125,50241.9
77,164,124,50252
83,147,115,50262
72,129,110,50272
74,163,106,50282.1
72,134,101,50292.1
77,158,126,50302.1
78,147,117,50312.2
78,135,91,50322.2
80,134,103,50332.2
76,147,103,50342.3
85,156,127,50352.3
90,157,126,50362.3
87,141,98,50372.4
83,154,112,50382.4
74,148,102,50392.4
78,184,112,50402.5
79,159,124,50412.5
78,144,102,50422.5
72,139,115,50432.6
88,140,115,50442.6
78,167,109,50452.6
82,146,117,50462.7
73,152,123,50472.7
81,131,113,50482.7
82,166,103,50492.8
93,175,100,50502.8
80,132,110,50512.8
89,155,105,50522.9
82,157,121,50532.9
87,140,123,50542.9
83,147,124,50553
74,141,124,50563
86,140,97,50573
80,133,116,50583.1
77,157,102,50593.1
80,164,121,50603.1
100,143,119,50613.2
84,132,113,50623.2
66,146,121,50633.2
63,141,114,50643.3
80,122,105,50653.3
77,156,123,50663.3
91,158,118,50673.4
78,182,110,50683.4
95,129,117,50693.4
89,140,121,50703.5
70,144,119,50713.5
68,130,106,50723.6
83,157,111,50733.6
95,134,111,50743.6
80,118,97,50753.7
93,134,104,50763.7
77,124,108,50773.7
77,170,111,50783.8
73,152,95,50793.8
95,140,112,50803.8
83,116,109,50813.9
65,153,88,50823.9
80,125,115,50833.9
71,134,125,50844
63,133,95,50854
97,151,102,50864
59,136,100,50874.1
88,151,109,50884.1
64,175,93,50894.1
77,167,110,50904.2
65,130,116,50914.2
79,169,110,50924.2
67,149,101,50934.3
80,136,95,50944.3
94,115,131,50954.3
74,163,107,50964.4
77,154,107,50974.4
85,136,97,50984.4
78,152,100,50994.5
77,160,112,51004.5
69,163,98,51014.5
87,156,111,51024.6
80,128,116,51034.6
75,151,130,51044.6
77,125,120,51054.7
83,126,126,51064.7
64,133,97,51074.7
85,162,108,51084.8
79,163,120,51094.8
79,149,121,51104.8
77,135,118,51114.9
90,166,110,51124.9
81,154,101,51134.9
71,155,116,51145
77,162,96,51155
93,128,123,51165
77,149,110,51175.1
89,144,101,51185.1
71,124,118,51195.1
74,152,105,51205.2
72,150,120,51215.2
85,166,101,51225.3
79,137,120,51235.3
72,154,125,51245.3
72,144,124,51255.4
85,155,131,51265.4
78,157,124,51275.4
87,172,119,51285.5
97,135,99,51295.5
79,172,110,51305.5
73,139,114,51315.6
78,155,105,51325.6
84,143,115,51335.6
72,141,117,51345.7
67,178,114,51355.7
68,159,108,51365.7
75,143,101,51375.8
80,157,98,51385.8
92,156,134,51395.8
89,150,98,51405.9
70,150,110,51415.9
73,151,109,51425.9
91,158,96,51436
72,142,128,51446
97,143,120,51456
83,144,105,51466.1
89,143,97,51476.1
91,151,118,51486.1
97,142,96,51496.2
78,120,121,51506.2
93,133,115,51516.2
75,152,99,51526.3
86,160,116,51536.3
77,169,124,51546.3
80,145,115,51556.4
84,130,110,51566.4
86,150,125,51576.4
89,159,121,51586.5
81,171,110,51596.5
72,154,129,51606.5
66,149,89,51616.6
79,157,115,51626.6
80,138,112,51636.6
81,130,121,51646.7
86,158,112,51656.7
89,175,117,51666.7
65,165,117,51676.8
85,170,119,51686.8
88,142,132,51696.8
74,155,97,51706.9
87,161,129,51716.9
71,154,105,51726.9
74,151,109,51737
67,137,111,51747
67,150,101,51757
96,141,104,51767.1
78,141,112,51777.1
93,143,104,51787.1
85,169,110,51797.2
80,146,129,51807.2
77,160,120,51817.2
73,150,111,51827.3
79,160,104,51837.3
84,120,111,51847.4
82,166,104,51857.4
88,156,109,51867.4
79,137,116,51877.5
82,128,129,51887.5
84,159,115,51897.5
83,186,113,51907.6
76,168,114,51917.6
92,164,118,51927.6
68,141,96,51937.7
76,136,117,51947.7
72,164,137,51957.7
91,142,129,51967.8
88,144,111,51977.8
75,163,123,51987.8
68,163,119,51997.9
62,162,119,52007.9
84,150,117,52017.9
102,132,116,52028
85,158,94,52038
87,148,107,52048
81,142,99,52058.1
79,156,134,52068.1
78,150,103,52078.1
88,168,120,52088.2
59,142,121,52098.2
90,154,130,52108.2
77,135,120,52118.3
76,137,113,52128.3
83,155,109,52138.3
78,168,102,52148.4
80,150,119,52158.4
75,150,126,52168.4
79,150,110,52178.5
80,146,115,52188.5
81,133,108,52198.5
89,157,113,52208.6
90,151,130,52218.6
82,147,100,52228.6
92,160,98,52238.7
74,177,108,52248.7
79,122,105,52258.7
72,146,111,52268.8
69,154,106,52278.8
79,138,128,52288.8
85,144,104,52298.9
88,146,101,52308.9
91,131,105,52318.9
77,173,120,52329
84,164,95,52339
79,153,98,52349
77,149,100,52359.1
73,127,116,52369.1
93,180,100,52379.1
87,155,120,52389.2
68,151,110,52399.2
82,144,121,52409.3
87,157,108,52419.3
102,152,115,52429.3
74,119,112,52439.4
63,152,124,52449.4
85,159,109,52459.4
87,142,106,52469.5
85,145,116,52479.5
71,155,128,52489.5
73,145,122,52499.6
93,131,121,52509.6
92,169,145,52519.6
75,140,129,52529.7
85,153,111,52539.7
76,163,113,52549.7
80,157,118,52559.8
73,137,119,52569.8
81,138,136,52579.8
85,169,113,52589.9
75,149,109,52599.9
84,133,106,52609.9
71,147,119,52620
82,151,111,52630
108,148,113,52640.1
87,118,116,52650.1
83,177,116,52660.1
84,157,102,52670.2
91,143,111,52680.2
77,147,123,52690.2
90,145,125,52700.3
77,166,117,52710.3
75,157,119,52720.3
72,141,127,52730.4
79,155,120,52740.4
77,160,114,52750.4
81,138,109,52760.5
61,149,128,52770.5
81,164,104,52780.5
89,160,134,52790.6
89,172,137,52800.6
93,145,125,52810.6
76,132,104,52820.7
88,157,119,52830.7
72,164,121,52840.7
76,162,109,52850.8
94,159,126,52860.8
84,156,109,52870.8
84,141,115,52880.9
82,155,108,52890.9
91,159,119,52900.9
75,180,116,52911
76,147,126,52921
68,147,103,52931
80,160,109,52941.1
99,155,149,52951.1
85,141,109,52961.1
85,163,113,52971.2
88,131,123,52981.2
72,144,108,52991.3
101,167,123,53001.3
81,154,111,53011.3
85,154,100,53021.4
90,161,133,53031.4
87,148,116,53041.4
83,149,128,53051.5
82,138,124,53061.5
85,153,135,53071.5
72,165,115,53081.6
84,155,120,53091.6
75,153,120,53101.6
82,151,112,53111.7
86,160,125,53121.7
85,161,96,53131.7
86,185,122,53141.8
85,128,139,53151.8
69,164,132,53161.8
84,138,114,53171.9
74,141,102,53181.9
69,154,118,53191.9
91,158,125,53202
65,151,121,53212
69,152,114,53222
82,161,119,53232.1
70,146,110,53242.1
90,162,119,53252.1
75,171,135,53262.2
82,141,117,53272.2
80,178,124,53282.3
86,168,111,53292.3
70,153,132,53302.3
93,185,129,53312.4
88,157,112,53322.4
99,158,117,53332.4
75,152,134,53342.5
86,151,129,53352.5
77,158,137,53362.5
91,150,152,53372.6
95,154,132,53382.6
101,150,147,53392.6
88,160,117,53402.7
73,151,105,53412.7
74,159,118,53422.7
73,149,134,53432.8
80,144,114,53442.8
70,162,110,53452.8
83,165,129,53462.9
88,168,110,53472.9
78,166,126,53482.9
78,163,108,53493
72,139,115,53503
94,154,123,53513
77,136,124,53523.1
76,148,116,53533.1
80,167,107,53543.1
87,164,111,53553.2
76,166,111,53563.2
81,139,113,53573.2
80,156,119,53583.3
55,151,138,53593.3
90,153,121,53603.3
82,139,123,53613.4
83,167,128,53623.4
73,158,119,53633.5
87,163,129,53643.5
93,143,118,53653.5
89,159,117,53663.6
62,174,105,53673.6
95,153,139,53683.6
101,167,115,53693.7
103,151,115,53703.7
80,127,126,53713.7
91,159,146,53723.8
82,188,132,53733.8
89,153,118,53743.8
96,156,134,53753.9
77,144,120,53763.9
79,162,133,53773.9
69,166,102,53784
93,184,122,53794
81,159,112,53804
73,151,120,53814.1
87,154,129,53824.1
104,162,119,53834.1
86,150,112,53844.2
100,162,126,53854.2
77,159,123,53864.2
92,195,112,53874.3
87,163,129,53884.3
103,178,124,53894.4
76,169,112,53904.4
106,163,114,53914.4
97,151,107,53924.5
99,170,118,53934.5
94,179,119,53944.5
88,170,108,53954.6
112,178,120,53964.6
79,171,98,53974.6
92,166,136,53984.7
79,148,144,53994.7
82,167,133,54004.7
92,148,115,54014.8
85,138,150,54024.8
80,156,101,54034.8
73,158,119,54044.9
84,152,125,54054.9
86,143,140,54064.9
71,166,123,54075
76,170,122,54085
87,140,122,54095
81,149,131,54105.1
86,151,123,54115.1
88,158,116,54125.2
97,162,119,54135.2
76,173,113,54145.2
65,134,146,54155.3
77,163,111,54165.3
85,155,111,54175.3
75,139,110,54185.4
70,169,126,54195.4
83,160,134,54205.4
89,156,118,54215.5
91,153,132,54225.5
68,151,115,54235.5
81,150,117,54245.6
82,160,121,54255.6
77,151,117,54265.6
104,169,127,54275.7
100,154,112,54285.7
89,151,118,54295.7
88,157,117,54305.8
95,152,121,54315.8
77,168,146,54325.8
93,138,123,54335.9
78,140,101,54345.9
79,165,107,54355.9
85,148,140,54366
78,156,131,54376
88,169,144,54386.1
114,146,131,54396.1
97,170,147,54406.1
82,151,140,54416.2
105,156,125,54426.2
76,138,118,54436.2
95,138,118,54446.3
75,162,123,54456.3
93,164,126,54466.3
94,174,127,54476.4
78,170,127,54486.4
75,165,118,54496.4
90,163,154,54506.5
96,177,132,54516.5
76,147,128,54526.5
69,165,116,54536.6
75,166,138,54546.6
66,150,117,54556.6
90,138,124,54566.7
100,151,150,54576.7
90,168,136,54586.7
77,159,127,54596.8
77,153,119,54606.8
93,173,111,54616.9
92,147,116,54626.9
84,142,125,54636.9
88,178,134,54647
77,150,126,54657
94,159,144,54667
87,158,134,54677.1
87,170,119,54687.1
87,153,114,54697.1
77,141,112,54707.2
75,140,118,54717.2
87,161,111,54727.2
86,170,135,54737.3
92,155,126,54747.3
78,181,139,54757.3
106,161,125,54767.4
101,159,113,54777.4
102,193,126,54787.4
81,149,136,54797.5
92,165,103,54807.5
94,172,121,54817.5
74,160,126,54827.6
88,144,129,54837.6
100,169,130,54847.6
99,163,144,54857.7
88,166,132,54867.7
83,155,123,54877.7
88,169,128,54887.8
83,181,119,54897.8
80,140,124,54907.8
76,147,111,54917.9
84,172,133,54927.9
81,169,136,54938
85,171,133,54948
90,162,118,54958
90,159,114,54968.1
66,156,121,54978.1
84,173,121,54988.1
87,147,114,54998.2
81,153,134,55008.2
80,147,112,55018.2
86,167,105,55028.3
96,159,158,55038.3
78,180,139,55048.3
82,186,126,55058.4
70,154,123,55068.4
92,174,124,55078.4
95,141,133,55088.5
91,170,142,55098.5
97,184,142,55108.5
76,144,131,55118.6
95,165,112,55128.6
104,148,148,55138.6
78,163,124,55148.7
77,179,131,55158.7
87,158,151,55168.7
72,136,138,55178.8
70,174,106,55188.8
85,161,129,55198.8
81,176,128,55208.9
93,155,139,55218.9
83,156,123,55229
93,178,124,55239
81,161,122,55249
98,157,144,55259.1
70,162,125,55269.1
95,154,115,55279.1
108,153,138,55289.2
80,159,132,55299.2
77,157,139,55309.2
84,173,125,55319.3
74,169,130,55329.3
87,164,132,55339.3
97,182,128,55349.4
82,148,132,55359.4
95,159,129,55369.4
80,161,122,55379.5
73,154,120,55389.5
81,156,121,55399.5
84,164,127,55409.6
84,173,89,55419.6
74,173,112,55429.6
79,185,134,55439.7
100,155,118,55449.7
79,184,141,55459.7
91,175,139,55469.8
91,179,144,55479.8
75,155,106,55489.9
94,169,139,55499.9
81,159,132,55509.9
99,164,131,55520
79,167,141,55530
63,158,127,55540
91,167,134,55550.1
82,163,121,55560.1
96,141,119,55570.1
71,151,136,55580.2
98,153,116,55590.2
93,154,129,55600.2
73,178,121,55610.3
84,157,142,55620.3
94,178,127,55630.3
93,180,145,55640.4
72,147,108,55650.4
86,204,128,55660.4
80,172,149,55670.5
102,163,149,55680.5
90,185,122,55690.6
91,164,130,55700.6
83,180,125,55710.6
74,157,148,55720.7
91,154,150,55730.7
88,191,129,55740.7
93,148,146,55750.8
79,177,139,55760.8
71,153,143,55770.8
82,174,116,55780.9
63,150,138,55790.9
98,157,125,55800.9
80,168,136,55811
86,175,125,55821
68,162,122,55831
80,150,135,55841.1
90,168,132,55851.1
94,158,113,55861.1
84,143,120,55871.2
89,158,126,55881.2
86,174,114,55891.2
76,156,137,55901.3
88,153,135,55911.3
83,166,107,55921.3
97,144,140,55931.4
88,167,154,55941.4
86,163,111,55951.5
71,155,116,55961.5
87,164,122,55971.5
92,142,126,55981.6
86,157,127,55991.6
75,167,128,56001.6
101,157,138,56011.7
68,170,134,56021.7
81,148,127,56031.7
95,162,124,56041.8
87,150,126,56051.8
